{"stats":{"minecraft:picked_up":{"minecraft:wooden_axe":1,"minecraft:target":1,"minecraft:carved_pumpkin":2},"minecraft:custom":{"minecraft:interact_with_crafting_table":1,"minecraft:leave_game":91,"minecraft:time_since_death":17,"minecraft:climb_one_cm":4145,"minecraft:sprint_one_cm":851660,"minecraft:walk_one_cm":13365312,"minecraft:drop":5,"minecraft:talked_to_villager":107,"minecraft:play_time":8846079,"minecraft:deaths":31,"minecraft:sneak_time":101679,"minecraft:walk_under_water_one_cm":57505,"minecraft:interact_with_lectern":2,"minecraft:jump":13660,"minecraft:walk_on_water_one_cm":24042,"minecraft:total_world_time":10076057,"minecraft:time_since_rest":17,"minecraft:open_enderchest":3,"minecraft:swim_one_cm":1041,"minecraft:fly_one_cm":32427688,"minecraft:crouch_one_cm":93284,"minecraft:aviate_one_cm":7544,"minecraft:fall_one_cm":3753566},"minecraft:dropped":{"minecraft:wooden_axe":1,"minecraft:target":1,"minecraft:snow":1,"minecraft:carved_pumpkin":2},"minecraft:used":{"minecraft:purpur_block":3,"minecraft:jungle_leaves":13,"minecraft:blue_terracotta":10,"minecraft:writable_book":1,"minecraft:polished_deepslate":6,"minecraft:melon":18,"minecraft:cracked_deepslate_bricks":4,"minecraft:armor_stand":18,"minecraft:red_concrete":26,"minecraft:ladder":1,"minecraft:oak_sign":1,"minecraft:light_blue_terracotta":8,"minecraft:black_carpet":3,"minecraft:spruce_planks":104,"minecraft:stone":430,"minecraft:white_terracotta":8,"minecraft:ender_chest":4,"minecraft:brown_concrete":3,"minecraft:red_nether_brick_stairs":14,"minecraft:deepslate_gold_ore":1,"minecraft:netherrack":7,"minecraft:green_terracotta":211,"minecraft:spruce_leaves":34,"minecraft:debug_stick":48,"minecraft:orange_stained_glass":7,"minecraft:chiseled_red_sandstone":6,"minecraft:anvil":5,"minecraft:target":30,"minecraft:white_carpet":6,"minecraft:nether_quartz_ore":24,"minecraft:brick_slab":8,"minecraft:jungle_planks":73,"minecraft:stone_stairs":43,"minecraft:orange_wool":10,"minecraft:cracked_deepslate_tiles":11,"minecraft:pink_terracotta":40,"minecraft:raw_iron_block":2,"minecraft:polished_granite_slab":5,"minecraft:tuff":12,"minecraft:cyan_wool":2,"minecraft:granite":167,"minecraft:blue_concrete":4,"minecraft:light_blue_stained_glass":9,"minecraft:obsidian":11,"minecraft:polished_diorite":43,"minecraft:glass":1916,"minecraft:brown_terracotta":1035,"minecraft:dark_oak_planks":2,"minecraft:cyan_terracotta":48,"minecraft:bricks":75,"minecraft:coal_ore":21,"minecraft:yellow_stained_glass":8,"minecraft:red_wool":79,"minecraft:deepslate_copper_ore":1,"minecraft:iron_block":1,"minecraft:grass_block":72,"minecraft:rooted_dirt":56,"minecraft:copper_ore":1,"minecraft:smooth_sandstone":72,"minecraft:crimson_slab":2,"minecraft:packed_mud":2,"minecraft:green_wool":1,"minecraft:quartz_block":10,"minecraft:dark_oak_leaves":10,"minecraft:smooth_quartz":4,"minecraft:raw_gold_block":1,"minecraft:pink_wool":3,"minecraft:crimson_planks":6,"minecraft:stone_bricks":4,"minecraft:smooth_basalt":34,"minecraft:item_frame":5,"minecraft:light_gray_wool":2,"minecraft:gray_glazed_terracotta":179,"minecraft:deepslate_diamond_ore":2,"minecraft:birch_trapdoor":1,"minecraft:purple_concrete":1,"minecraft:glowstone":4,"minecraft:magenta_terracotta":10,"minecraft:raw_copper_block":1,"minecraft:lime_concrete":1061,"minecraft:snow":6482,"minecraft:black_stained_glass":138,"minecraft:magenta_wool":1,"minecraft:emerald_block":44,"minecraft:written_book":1,"minecraft:mangrove_roots":1,"minecraft:soul_soil":10,"minecraft:gold_block":2,"minecraft:skeleton_skull":8,"minecraft:crimson_pressure_plate":1,"minecraft:stone_pressure_plate":1,"minecraft:acacia_planks":41,"minecraft:cobbled_deepslate":52,"minecraft:turtle_egg":86,"minecraft:orange_terracotta":18,"minecraft:deepslate_emerald_ore":1,"minecraft:calcite":50,"minecraft:quartz_bricks":9,"minecraft:emerald_ore":1,"minecraft:water_bucket":37,"minecraft:mossy_stone_bricks":16,"minecraft:diorite":286,"minecraft:end_rod":2,"minecraft:amethyst_block":1,"minecraft:end_stone_bricks":4,"minecraft:iron_ore":4,"minecraft:birch_planks":2,"minecraft:red_stained_glass":21,"minecraft:birch_leaves":46,"minecraft:mangrove_planks":2,"minecraft:polished_andesite":27,"minecraft:prismarine":7,"minecraft:lime_wool":3,"minecraft:oak_planks":209,"minecraft:blue_wool":1,"minecraft:andesite_slab":194,"minecraft:lime_concrete_powder":10,"minecraft:sandstone":17,"minecraft:cut_sandstone":7,"minecraft:black_glazed_terracotta":4,"minecraft:composter":53,"minecraft:structure_void":6,"minecraft:clay":28,"minecraft:red_glazed_terracotta":40,"minecraft:gold_ore":1,"minecraft:deepslate_bricks":59,"minecraft:conduit":1,"minecraft:cracked_stone_bricks":13,"minecraft:oak_leaves":13,"minecraft:white_wool":10,"minecraft:glow_item_frame":44,"minecraft:pink_concrete":1,"minecraft:dark_oak_trapdoor":3,"minecraft:mossy_cobblestone":11,"minecraft:diamond_block":1,"minecraft:lime_terracotta":307,"minecraft:terracotta":4,"minecraft:yellow_terracotta":22,"minecraft:light_blue_concrete":82,"minecraft:crafting_table":1,"minecraft:dark_prismarine_slab":1,"minecraft:cyan_glazed_terracotta":3,"minecraft:light_blue_wool":1,"minecraft:smooth_red_sandstone":3,"minecraft:light_gray_terracotta":15,"minecraft:yellow_concrete":1,"minecraft:acacia_leaves":34,"minecraft:blue_ice":9,"minecraft:chiseled_quartz_block":3,"minecraft:purple_terracotta":9,"minecraft:dripstone_block":32,"minecraft:gray_concrete":1,"minecraft:deepslate_lapis_ore":1,"minecraft:end_stone":84,"minecraft:warped_planks":1,"minecraft:nether_gold_ore":2,"minecraft:deepslate_tiles":7,"minecraft:purple_stained_glass":1,"minecraft:gray_terracotta":8,"minecraft:black_terracotta":67,"minecraft:mud":114,"minecraft:netherite_block":1,"minecraft:green_concrete":355,"minecraft:red_sandstone":4,"minecraft:black_concrete":1,"minecraft:black_wool":519,"minecraft:chiseled_sandstone":5,"minecraft:command_block":2,"minecraft:light_gray_concrete":26,"minecraft:deepslate_iron_ore":1,"minecraft:brown_wool":1,"minecraft:barrier":87,"minecraft:stone_button":2,"minecraft:lapis_ore":2,"minecraft:lectern":1,"minecraft:magenta_concrete":1,"minecraft:cyan_concrete":36,"minecraft:red_terracotta":23,"minecraft:polished_granite":78,"minecraft:spruce_trapdoor":1,"minecraft:diamond_ore":1,"minecraft:budding_amethyst":1,"minecraft:flowering_azalea_leaves":52,"minecraft:yellow_wool":6,"minecraft:chiseled_stone_bricks":4,"minecraft:coal_block":43,"minecraft:cobblestone":174,"minecraft:azalea_leaves":10,"minecraft:crimson_stairs":14,"minecraft:mud_brick_wall":223,"minecraft:andesite":447,"minecraft:deepslate_coal_ore":5,"minecraft:lapis_block":1,"minecraft:chain":108,"minecraft:mossy_cobblestone_wall":1,"minecraft:repeating_command_block":1,"minecraft:sea_pickle":4,"minecraft:coarse_dirt":3918,"minecraft:gray_wool":7,"minecraft:smooth_stone":141,"minecraft:purple_wool":1,"minecraft:green_stained_glass":6},"minecraft:crafted":{"minecraft:knowledge_book":1}},"DataVersion":3120}