{
  "display": {
    "icon": {
      "item": "minecraft:cauldron"
    },
    "title": "Cauldron",
    "description": "Craft a Cauldron so you can get more lava!",
    "frame": "task",
    "show_toast": true,
    "announce_to_chat": true
  },
  "parent": "minecraft:story/smelt_iron",
  "criteria": {
    "requirement": {
      "trigger": "minecraft:inventory_changed",
      "conditions": {
        "items": [
          {
            "items": [
              "minecraft:cauldron"
            ]
          }
        ]
      }
    }
  },
  "sends_telemetry_event": true
}
