{
  "parent": "minecraft:story/zombie_hunter",
  "criteria": {
    "iron": {
      "conditions": {
        "items": [
          {
            "items": [
              "minecraft:iron_ingot"
            ]
          }
        ]
      },
      "trigger": "minecraft:inventory_changed"
    }
  },
  "display": {
    "description": {
      "translate": "Get an iron ingot from a Zombie, Iron golem, smelting iron armor, or finding a strucutre."
    },
    "icon": {
      "item": "minecraft:iron_ingot"
    },
    "title": {
      "translate": "advancements.story.smelt_iron.title"
    }
  },
  "requirements": [
    [
      "iron"
    ]
  ],
  "sends_telemetry_event": true
}