{
  "parent": "minecraft:adventure/trade",
  "criteria": {
    "requirement": {
      "trigger": "minecraft:impossible"
    }
  },
  "display": {
    "description": {
      "translate": "advancements.adventure.summon_iron_golem.description"
    },
    "frame": "goal",
    "icon": {
      "item": "minecraft:carved_pumpkin"
    },
    "title": {
      "translate": "advancements.adventure.summon_iron_golem.title"
    }
  },
  "requirements": [
    [
      "summoned_golem"
    ]
  ],
  "sends_telemetry_event": true
}