{
  "type": "minecraft:entity",
  "pools": [
    {
      "bonus_rolls": 0.0,
      "entries": [
        {
          "type": "minecraft:item",
          "functions": [
            {
              "add": false,
              "count": 1.0,
              "function": "minecraft:set_count"
            }
          ],
          "name": "minecraft:tropical_fish"
        }
      ],
      "rolls": 1.0
    },
    {
      "bonus_rolls": 0.0,
      "conditions": [
        {
          "chance": 0.05,
          "condition": "minecraft:random_chance"
        }
      ],
      "entries": [
        {
          "type": "minecraft:item",
          "name": "minecraft:bone_meal"
        }
      ],
      "rolls": 1.0
    },
    {
      "bonus_rolls": 0.0,
      "conditions": [
        {
          "condition": "minecraft:killed_by_player"
        },
        {
          "unenchanted_chance": 0.025,
          "condition": "minecraft:random_chance_with_enchanted_bonus",
          "enchanted_chance": 0.045,
          "enchantment": "minecraft:looting"
        }
      ],
      "entries": [
        {
          "type": "item",
          "name": "minecraft:tube_coral",
          "weight": 1
        },
        {
          "type": "item",
          "name": "minecraft:tube_coral_fan",
          "weight": 1
        },
        {
          "type": "item",
          "name": "minecraft:brain_coral",
          "weight": 1
        },
        {
          "type": "item",
          "name": "minecraft:brain_coral_fan",
          "weight": 1
        },
        {
          "type": "item",
          "name": "minecraft:bubble_coral",
          "weight": 1
        },
        {
          "type": "item",
          "name": "minecraft:bubble_coral_fan",
          "weight": 1
        },
        {
          "type": "item",
          "name": "minecraft:fire_coral",
          "weight": 1
        },
        {
          "type": "item",
          "name": "minecraft:fire_coral_fan",
          "weight": 1
        },
        {
          "type": "item",
          "name": "minecraft:horn_coral",
          "weight": 1
        },
        {
          "type": "item",
          "name": "minecraft:horn_coral_fan",
          "weight": 1
        }
      ],
      "rolls": 1.0
    }
  ],
  "random_sequence": "minecraft:entities/tropical_fish"
}