{
    "display":
    {
        "icon":{
            "item": "minecraft:oak_sapling"
        },
        "title": {
            "translate": "Farming"
        },
        "description": {
            "translate": "Collect a sapling or it's game over man!"
        },
        "background": "minecraft:textures/block/hay_block_side.png",
	    "show_toast": false,
	    "announce_to_chat": false
    },
    "criteria":
    {
        "sapling":
        {
            "conditions" : {
                "items": [
                    {
                        "tag": "minecraft:saplings"
                    }
                ]
            },
            "trigger": "minecraft:inventory_changed"
        }
    }
}
