{
    "display":
    {
        "icon": {"item": "minecraft:sea_pickle"},
        "title": {"translate": "Pickler"},
        "description": {"translate": "Get a stack of Sea Pickles."}
    },
    "parent": "skyblock:farmer/root",
    "criteria":
    {
        "pickel":
        {
	    "trigger": "minecraft:inventory_changed",
            "conditions" : {
                "items": [
                    {
                        "items": [
                            "minecraft:sea_pickle"
                        ],
                        "count": 64
                    }
                ]
            }
        }
    }
}
