{
    "display":
    {
        "icon": {"item": "minecraft:wheat"},
        "title": {"translate": "Wheat Farmer"},
        "description": {"translate": "Harvest a stack of Wheat."}
    },
    "parent": "skyblock:farmer/seedy_place",
    "criteria":
    {
        "wheat":
        {
	    "trigger": "minecraft:inventory_changed",
            "conditions" : {
                "items": [
                    {
                        "items": [
                            "minecraft:wheat"
                        ],
                        "count": 64
                    }
                ]
            }
        }
    }
}
