{
    "display":
    {
        "icon": {"item": "minecraft:kelp"},
        "title": {"translate": "Kelp Me"},
        "description": {"translate": "Craft some Kelp using 4 Seagrass."}
    },
    "parent": "skyblock:ocean/seagrass",
    "criteria":
    {
        "kelp":
        {
	    "trigger": "minecraft:inventory_changed",
            "conditions" : {
                "items": [
                    {
                        "items": [
                            "minecraft:kelp"
                        ],
                        "count": 1
                    }
                ]
            }
        }
    }
}
