{
	"credit": "Made with Blockbench",
	"parent": "block/template_fence_gate_open",
	"textures": {
		"1": "block/crimson_stripped_block_top",
		"2": "block/deepslate",
		"3": "block/crimson_bottom",
		"4": "block/allium",
		"8": "block/cobbled_deepslate_botoom",
		"particle": "block/crimson_stripped_block_top"
	},
	"elements": [
		{
			"from": [0, 3.2, 0],
			"to": [16, 12.85, 16],
			"faces": {
				"north": {"uv": [0.0625, 3.125, 16.0625, 12.84375], "texture": "#2", "cullface": "north"},
				"east": {"uv": [0.0625, 3.125, 16.0625, 12.84375], "texture": "#2", "cullface": "east"},
				"south": {"uv": [0.0625, 3.125, 16.0625, 12.84375], "texture": "#2", "cullface": "south"},
				"west": {"uv": [0.0625, 3.125, 16.0625, 12.84375], "texture": "#2", "cullface": "west"}
			}
		},
		{
			"from": [8, 12.825, 0],
			"to": [16, 16, 8],
			"faces": {
				"north": {"uv": [0, 12.83333, 16, 15.98958], "rotation": 180, "texture": "#2", "cullface": "north"},
				"east": {"uv": [0, 12.83333, 16, 15.98958], "rotation": 180, "texture": "#2", "cullface": "east"},
				"up": {"uv": [8, 3.5625, 16, 11.5625], "rotation": 90, "texture": "#2", "cullface": "up"}
			}
		},
		{
			"from": [8, 12.825, 8],
			"to": [16, 16, 16],
			"faces": {
				"east": {"uv": [8, 0, 16, 3.16667], "texture": "#1", "cullface": "east"},
				"south": {"uv": [0, 0, 16, 3.16667], "texture": "#1", "cullface": "south"},
				"up": {"uv": [0, 8, 8, 16], "rotation": 90, "texture": "#1", "cullface": "up"}
			}
		},
		{
			"from": [0, 12.825, 0],
			"to": [8, 16, 8],
			"faces": {
				"north": {"uv": [2.39063, 4.64583, 5.39063, 7.64583], "rotation": 180, "texture": "#4", "cullface": "north"},
				"west": {"uv": [2.39063, 4.64583, 5.39063, 7.64583], "rotation": 180, "texture": "#4", "cullface": "west"},
				"up": {"uv": [4.9375, 2.26563, 7.9375, 5.26563], "rotation": 90, "texture": "#4", "cullface": "up"}
			}
		},
		{
			"from": [0, 12.825, 8],
			"to": [8, 16, 16],
			"faces": {
				"south": {"uv": [0, 0, 16, 3.16667], "texture": "#2", "cullface": "south"},
				"west": {"uv": [8, 0, 16, 3.16667], "texture": "#2", "cullface": "west"},
				"up": {"uv": [0, 4.0625, 8, 12.0625], "rotation": 90, "texture": "#2", "cullface": "up"}
			}
		},
		{
			"from": [8, 0, 0],
			"to": [16, 3.175, 8],
			"faces": {
				"north": {"uv": [0, 0, 8, 16], "rotation": 90, "texture": "#1", "cullface": "north"},
				"east": {"uv": [0, 0, 8, 8], "texture": "#1", "cullface": "east"},
				"down": {"uv": [0, 0, 16, 16], "rotation": 90, "texture": "#3", "cullface": "down"}
			}
		},
		{
			"from": [8, 0, 8],
			"to": [16, 3.175, 16],
			"faces": {
				"east": {"uv": [0, 12.83333, 16, 15.98958], "texture": "#2", "cullface": "east"},
				"south": {"uv": [0, 12.83333, 16, 15.98958], "texture": "#2", "cullface": "south"},
				"down": {"uv": [0, 0, 8, 8], "rotation": 90, "texture": "#8", "cullface": "down"}
			}
		},
		{
			"from": [0, 0, 0],
			"to": [8, 3.175, 8],
			"faces": {
				"north": {"uv": [0, 12.875, 8, 16], "texture": "#2", "cullface": "north"},
				"west": {"uv": [0, 12.9375, 8, 16], "texture": "#2", "cullface": "west"},
				"down": {"uv": [8, 0, 16, 8], "rotation": 90, "texture": "#8", "cullface": "down"}
			}
		},
		{
			"from": [0, 0, 8],
			"to": [8, 3.175, 16],
			"faces": {
				"south": {"uv": [0, 12.83333, 16, 15.98958], "texture": "#1", "cullface": "south"},
				"west": {"uv": [0, 12.83333, 16, 15.98958], "texture": "#1", "cullface": "west"},
				"down": {"uv": [0, 0, 16, 16], "rotation": 90, "texture": "#3", "cullface": "down"}
			}
		}
	],
	"display": {
		"thirdperson_righthand": {
			"scale": [0.5, 0.5, 0.5]
		},
		"thirdperson_lefthand": {
			"scale": [0.5, 0.5, 0.5]
		},
		"firstperson_righthand": {
			"rotation": [5, 45, 0],
			"scale": [0.5, 0.5, 0.5]
		},
		"firstperson_lefthand": {
			"rotation": [5, 45, 0],
			"scale": [0.5, 0.5, 0.5]
		},
		"ground": {
			"translation": [0, 4, 0],
			"scale": [0.4, 0.4, 0.4]
		},
		"gui": {
			"rotation": [20, -45, 0],
			"scale": [0.54, 0.54, 0.54]
		}
	},
	"groups": [
		0,
		{
			"name": "group",
			"origin": [0, 0, 0],
			"color": 0,
			"children": [1, 2]
		},
		{
			"name": "group",
			"origin": [0, 0, 0],
			"color": 0,
			"children": [3, 4]
		},
		{
			"name": "group",
			"origin": [0, 0, 0],
			"color": 0,
			"children": [5, 6]
		},
		{
			"name": "group",
			"origin": [0, 0, 0],
			"color": 0,
			"children": [7, 8]
		}
	]
}