{
	"credit": "Made with Blockbench",
	"textures": {
		"2": "block/grass_overlay",
		"3": "block/fern",
		"5": "block/grass",
		"particle": "block/grass"
	},
	"elements": [
		{
			"from": [11.85, 11.575, 4.75],
			"to": [19.85, 11.575, 11.75],
			"rotation": {"angle": 0, "axis": "y", "origin": [11.25, 11.575, 9]},
			"faces": {
				"up": {"uv": [4.95313, 14.92188, 10.14063, 9.90625], "rotation": 90, "texture": "#3"},
				"down": {"uv": [4.75, 9.9375, 9.9375, 14.95313], "rotation": 270, "texture": "#3"}
			}
		},
		{
			"from": [-3.35, 11.575, 6.75],
			"to": [4.65, 11.575, 13.75],
			"rotation": {"angle": 45, "axis": "y", "origin": [5.25, 11.575, 9.75]},
			"faces": {
				"up": {"uv": [4.95313, 14.92188, 10.14063, 9.90625], "rotation": 270, "texture": "#3"},
				"down": {"uv": [4.75, 9.9375, 9.9375, 14.95313], "rotation": 90, "texture": "#3"}
			}
		},
		{
			"from": [3.5, 11.575, -4.225],
			"to": [10.5, 11.575, 3.775],
			"rotation": {"angle": 22.5, "axis": "y", "origin": [7.75, 11.575, 4.5]},
			"faces": {
				"up": {"uv": [4.95313, 14.92188, 10.14063, 9.90625], "texture": "#3"},
				"down": {"uv": [4.75, 9.9375, 9.9375, 14.95313], "texture": "#3"}
			}
		},
		{
			"from": [6, 4.75, 6],
			"to": [10, 4.75, 10],
			"rotation": {"angle": 0, "axis": "y", "origin": [13, 11.75, 11]},
			"faces": {
				"up": {"uv": [0, 0, 8, 8], "texture": "#2"},
				"down": {"uv": [0, 0, 8, 8], "texture": "#2"}
			}
		},
		{
			"from": [6, 4.5, 6],
			"to": [10, 4.5, 10],
			"rotation": {"angle": 0, "axis": "y", "origin": [13, 11.5, 11]},
			"faces": {
				"up": {"uv": [0, 0, 8, 8], "texture": "#2"},
				"down": {"uv": [0, 0, 8, 8], "texture": "#2"}
			}
		},
		{
			"from": [6, 4, 6],
			"to": [10, 4, 10],
			"rotation": {"angle": 0, "axis": "y", "origin": [13, 11, 11]},
			"faces": {
				"up": {"uv": [0, 0, 8, 8], "texture": "#2"},
				"down": {"uv": [0, 0, 8, 8], "texture": "#2"}
			}
		},
		{
			"from": [6, 3.75, 6],
			"to": [10, 3.75, 10],
			"rotation": {"angle": 0, "axis": "y", "origin": [13, 10.75, 11]},
			"faces": {
				"up": {"uv": [0, 0, 8, 8], "texture": "#2"},
				"down": {"uv": [0, 0, 8, 8], "texture": "#2"}
			}
		},
		{
			"from": [6, 4.25, 6],
			"to": [10, 4.25, 10],
			"rotation": {"angle": 0, "axis": "y", "origin": [13, 11.25, 11]},
			"faces": {
				"up": {"uv": [0, 0, 8, 8], "texture": "#2"},
				"down": {"uv": [0, 0, 8, 8], "texture": "#2"}
			}
		},
		{
			"from": [5, 3, 5],
			"to": [11, 3, 11],
			"rotation": {"angle": 0, "axis": "y", "origin": [13, 10, 11]},
			"faces": {
				"up": {"uv": [0, 0, 8, 8], "texture": "#2"}
			}
		},
		{
			"from": [5, 2, 5],
			"to": [11, 2, 11],
			"rotation": {"angle": 0, "axis": "y", "origin": [13, 9, 11]},
			"faces": {
				"up": {"uv": [0, 0, 8, 8], "texture": "#2"}
			}
		},
		{
			"from": [5, 0, 5],
			"to": [11, 0, 11],
			"rotation": {"angle": 0, "axis": "y", "origin": [13, 7, 11]},
			"faces": {
				"up": {"uv": [0, 0, 8, 8], "texture": "#2"}
			}
		},
		{
			"from": [5, 0.5, 5],
			"to": [11, 0.5, 11],
			"rotation": {"angle": 0, "axis": "y", "origin": [13, 7.5, 11]},
			"faces": {
				"up": {"uv": [0, 0, 8, 8], "texture": "#2"}
			}
		},
		{
			"from": [5, 2.5, 5],
			"to": [11, 2.5, 11],
			"rotation": {"angle": 0, "axis": "y", "origin": [13, 9.5, 11]},
			"faces": {
				"up": {"uv": [0, 0, 8, 8], "texture": "#2"}
			}
		},
		{
			"from": [5, 1, 5],
			"to": [11, 1, 11],
			"rotation": {"angle": 0, "axis": "y", "origin": [13, 8, 11]},
			"faces": {
				"up": {"uv": [0, 0, 8, 8], "texture": "#2"}
			}
		},
		{
			"from": [5, 1.5, 5],
			"to": [11, 1.5, 11],
			"rotation": {"angle": 0, "axis": "y", "origin": [13, 8.5, 11]},
			"faces": {
				"up": {"uv": [0, 0, 8, 8], "texture": "#2"}
			}
		},
		{
			"from": [5, 3.5, 5],
			"to": [11, 3.5, 11],
			"rotation": {"angle": 0, "axis": "y", "origin": [13, 10.5, 11]},
			"faces": {
				"up": {"uv": [0, 0, 8, 8], "texture": "#2"}
			}
		},
		{
			"from": [8, 0, 8],
			"to": [13, 13, 8],
			"rotation": {"angle": 0, "axis": "y", "origin": [8, 0, 8]},
			"faces": {
				"north": {"uv": [3.21875, 4.78125, 7.23438, 16], "texture": "#5"},
				"south": {"uv": [7.10938, 4.8125, 3.25, 16], "texture": "#5"}
			}
		},
		{
			"from": [8, 0, 3],
			"to": [8, 13, 8],
			"rotation": {"angle": 22.5, "axis": "y", "origin": [8, 0, 8]},
			"faces": {
				"east": {"uv": [7.10938, 4.8125, 3.25, 16], "texture": "#5"},
				"west": {"uv": [3.21875, 4.78125, 7.23438, 16], "texture": "#5"}
			}
		},
		{
			"from": [3, 0, 8],
			"to": [8, 13, 8],
			"rotation": {"angle": 45, "axis": "y", "origin": [8, 0, 8]},
			"faces": {
				"north": {"uv": [7.10938, 4.8125, 3.25, 16], "texture": "#5"},
				"south": {"uv": [3.21875, 4.78125, 7.23438, 16], "texture": "#5"}
			}
		}
	],
	"groups": [
		{
			"name": "group",
			"origin": [3.75, 8, 0.5],
			"children": [0, 1, 2]
		},
		{
			"name": "grass",
			"origin": [8, 8, 8],
			"children": [
				{
					"name": "group",
					"origin": [8, 8, 8],
					"children": [
						{
							"name": "group",
							"origin": [8, 8, 8],
							"children": [
								{
									"name": "group",
									"origin": [8, 8, 8],
									"children": [3, 4, 5, 6, 7]
								}
							]
						},
						{
							"name": "group",
							"origin": [8, 8, 8],
							"children": [
								{
									"name": "group",
									"origin": [8, 8, 8],
									"children": [
										{
											"name": "group",
											"origin": [8, 8, 8],
											"children": [8, 9]
										}, 10, 11, 12,
										{
											"name": "group",
											"origin": [8, 8, 8],
											"children": [13, 14]
										}
									]
								}, 15]
						}
					]
				},
				{
					"name": "grass",
					"origin": [8, 8, 8],
					"children": [16, 17, 18]
				}
			]
		}
	]
}