{
	"credit": "Made with Blockbench",
	"ambientocclusion": false,
	"textures": {
		"3": "block/polished_andesite_block_side",
		"particle": "block/birch_log_block_side3",
		"1_2": "block/birch_log_block_side3"
	},
	"elements": [
		{
			"from": [0, 3.2, 0],
			"to": [8, 12.875, 16],
			"faces": {
				"north": {"uv": [0, 6.34375, 8, 16], "texture": "#3", "cullface": "north"},
				"east": {"uv": [8, 6.32813, 0, 16], "texture": "#3"},
				"south": {"uv": [0, 6.34375, 8, 16], "texture": "#3", "cullface": "south"},
				"west": {"uv": [0, 6.34375, 8, 15.9375], "texture": "#3"}
			}
		},
		{
			"from": [0, 0, 0],
			"to": [8, 3.2, 16],
			"faces": {
				"north": {"uv": [0, 0, 8, 3.20313], "texture": "#3", "cullface": "north"},
				"east": {"uv": [0, 0.0625, 16, 3.1875], "texture": "#3"},
				"south": {"uv": [0, 0, 8, 3.17188], "texture": "#3", "cullface": "south"},
				"west": {"uv": [0, 0, 16, 3.20313], "texture": "#3"}
			}
		},
		{
			"from": [0, 12.875, 0],
			"to": [8, 16.05, 16],
			"faces": {
				"north": {"uv": [0, 0, 8, 3], "texture": "#1_2", "cullface": "north"},
				"east": {"uv": [0, 0.0625, 8, 3.125], "texture": "#1_2"},
				"south": {"uv": [0, 0, 8, 3.17188], "texture": "#1_2", "cullface": "south"},
				"west": {"uv": [8, 0, 16, 3.07813], "texture": "#1_2"},
				"up": {"uv": [0, 0, 16, 3.17188], "rotation": 90, "texture": "#1_2", "cullface": "up"}
			}
		}
	],
	"display": {
		"thirdperson_righthand": {
			"scale": [0.5, 0.5, 0.5]
		},
		"thirdperson_lefthand": {
			"scale": [0.5, 0.5, 0.5]
		},
		"firstperson_righthand": {
			"rotation": [5, 45, 0],
			"scale": [0.5, 0.5, 0.5]
		},
		"firstperson_lefthand": {
			"rotation": [5, 45, 0],
			"scale": [0.5, 0.5, 0.5]
		},
		"ground": {
			"translation": [0, 4, 0],
			"scale": [0.4, 0.4, 0.4]
		},
		"gui": {
			"rotation": [20, 45, 0],
			"scale": [0.54, 0.54, 0.54]
		}
	},
	"groups": [
		{
			"name": "door_bottom",
			"origin": [8, 8, 8],
			"children": [
				{
					"name": "fence_post",
					"origin": [8, 8, 8],
					"children": []
				}
			]
		},
		{
			"name": "dark_oak_door_bottom",
			"origin": [8, 8, 8],
			"children": [
				{
					"name": "fence_post",
					"origin": [8, 8, 8],
					"children": [0, 1, 2]
				}
			]
		}
	]
}