{
	"credit": "Made with Blockbench",
	"ambientocclusion": false,
	"textures": {
		"2": "block/grass_overlay",
		"3": "block/allium",
		"4": "block/lilac_top",
		"5": "block/grass",
		"particle": "block/grass_overlay"
	},
	"elements": [
		{
			"from": [3.8, 2.75, 3.8],
			"to": [12.2, 2.75, 12.2],
			"rotation": {"angle": 0, "axis": "y", "origin": [15, 12.55, 12.2]},
			"faces": {
				"up": {"uv": [0, 0, 8, 8], "texture": "#2"},
				"down": {"uv": [0, 0, 8, 8], "texture": "#2"}
			}
		},
		{
			"from": [3.8, 4.15, 3.8],
			"to": [12.2, 4.15, 12.2],
			"rotation": {"angle": 0, "axis": "y", "origin": [15, 13.95, 12.2]},
			"faces": {
				"up": {"uv": [0, 0, 8, 8], "texture": "#2"},
				"down": {"uv": [0, 0, 8, 8], "texture": "#2"}
			}
		},
		{
			"from": [3.8, -0.05, 3.8],
			"to": [12.2, -0.05, 12.2],
			"rotation": {"angle": 0, "axis": "y", "origin": [15, 9.75, 12.2]},
			"faces": {
				"up": {"uv": [0, 0, 8, 8], "texture": "#2"},
				"down": {"uv": [0, 0, 8, 8], "texture": "#2", "cullface": "down"}
			}
		},
		{
			"from": [3.8, 0.65, 3.8],
			"to": [12.2, 0.65, 12.2],
			"rotation": {"angle": 0, "axis": "y", "origin": [15, 10.45, 12.2]},
			"faces": {
				"up": {"uv": [0, 0, 8, 8], "texture": "#2"},
				"down": {"uv": [0, 0, 8, 8], "texture": "#2", "cullface": "down"}
			}
		},
		{
			"from": [3.8, 3.45, 3.8],
			"to": [12.2, 3.45, 12.2],
			"rotation": {"angle": 0, "axis": "y", "origin": [15, 13.25, 12.2]},
			"faces": {
				"up": {"uv": [0, 0, 8, 8], "texture": "#2"},
				"down": {"uv": [0, 0, 8, 8], "texture": "#2", "cullface": "down"}
			}
		},
		{
			"from": [3.8, 2.05, 3.8],
			"to": [12.2, 2.05, 12.2],
			"rotation": {"angle": 0, "axis": "y", "origin": [15, 11.85, 12.2]},
			"faces": {
				"up": {"uv": [0, 0, 8, 8], "texture": "#2"},
				"down": {"uv": [0, 0, 8, 8], "texture": "#2"}
			}
		},
		{
			"from": [3.8, 1.35, 3.8],
			"to": [12.2, 1.35, 12.2],
			"rotation": {"angle": 0, "axis": "y", "origin": [15, 11.15, 12.2]},
			"faces": {
				"up": {"uv": [0, 0, 8, 8], "texture": "#2"},
				"down": {"uv": [0, 0, 8, 8], "texture": "#2"}
			}
		},
		{
			"from": [3.8, 4.85, 3.8],
			"to": [12.2, 4.85, 12.2],
			"rotation": {"angle": 0, "axis": "y", "origin": [15, 14.65, 12.2]},
			"faces": {
				"up": {"uv": [0, 0, 8, 8], "texture": "#2"},
				"down": {"uv": [0, 0, 8, 8], "texture": "#2"}
			}
		},
		{
			"from": [5.2, 6.6, 5.2],
			"to": [10.8, 6.6, 10.8],
			"rotation": {"angle": 0, "axis": "y", "origin": [15, 16.4, 12.2]},
			"faces": {
				"up": {"uv": [0, 0, 8, 8], "texture": "#2"},
				"down": {"uv": [0, 0, 8, 8], "texture": "#2"}
			}
		},
		{
			"from": [5.2, 6.25, 5.2],
			"to": [10.8, 6.25, 10.8],
			"rotation": {"angle": 0, "axis": "y", "origin": [15, 16.05, 12.2]},
			"faces": {
				"up": {"uv": [0, 0, 8, 8], "texture": "#2"},
				"down": {"uv": [0, 0, 8, 8], "texture": "#2"}
			}
		},
		{
			"from": [5.2, 5.55, 5.2],
			"to": [10.8, 5.55, 10.8],
			"rotation": {"angle": 0, "axis": "y", "origin": [15, 15.35, 12.2]},
			"faces": {
				"up": {"uv": [0, 0, 8, 8], "texture": "#2"},
				"down": {"uv": [0, 0, 8, 8], "texture": "#2"}
			}
		},
		{
			"from": [5.2, 5.2, 5.2],
			"to": [10.8, 5.2, 10.8],
			"rotation": {"angle": 0, "axis": "y", "origin": [15, 15, 12.2]},
			"faces": {
				"up": {"uv": [0, 0, 8, 8], "texture": "#2"},
				"down": {"uv": [0, 0, 8, 8], "texture": "#2"}
			}
		},
		{
			"from": [5.2, 5.9, 5.2],
			"to": [10.8, 5.9, 10.8],
			"rotation": {"angle": 0, "axis": "y", "origin": [15, 15.7, 12.2]},
			"faces": {
				"up": {"uv": [0, 0, 8, 8], "texture": "#2"},
				"down": {"uv": [0, 0, 8, 8], "texture": "#2"}
			}
		},
		{
			"from": [8, -0.05, 8],
			"to": [15, 18.15, 8],
			"rotation": {"angle": 0, "axis": "y", "origin": [8, -0.05, 8]},
			"faces": {
				"north": {"uv": [3.21875, 4.78125, 7.23438, 16], "texture": "#5"},
				"south": {"uv": [7.10938, 4.8125, 3.25, 16], "texture": "#5"}
			}
		},
		{
			"from": [8, -0.05, 1],
			"to": [8, 18.15, 8],
			"rotation": {"angle": 22.5, "axis": "y", "origin": [8, -0.05, 8]},
			"faces": {
				"east": {"uv": [7.10938, 4.8125, 3.25, 16], "texture": "#5"},
				"west": {"uv": [3.21875, 4.78125, 7.23438, 16], "texture": "#5"}
			}
		},
		{
			"from": [1, -0.05, 8],
			"to": [8, 18.15, 8],
			"rotation": {"angle": 45, "axis": "y", "origin": [8, -0.05, 8]},
			"faces": {
				"north": {"uv": [7.10938, 4.8125, 3.25, 16], "texture": "#5"},
				"south": {"uv": [3.21875, 4.78125, 7.23438, 16], "texture": "#5"}
			}
		},
		{
			"from": [0, 11, 7],
			"to": [11, 11, 18],
			"rotation": {"angle": -45, "axis": "x", "origin": [0, 0, 0]},
			"faces": {
				"up": {"uv": [0, 0, 16, 15.95313], "texture": "#4"},
				"down": {"uv": [0, 0, 16, 16], "texture": "#4"}
			}
		},
		{
			"from": [0, 10.5, 7],
			"to": [11, 10.5, 18],
			"rotation": {"angle": -45, "axis": "x", "origin": [0, 0, 0]},
			"faces": {
				"up": {"uv": [0, 0, 16, 15.95313], "texture": "#4"},
				"down": {"uv": [0, 0, 16, 16], "texture": "#4"}
			}
		},
		{
			"from": [0, 10, 7],
			"to": [11, 10, 18],
			"rotation": {"angle": -45, "axis": "x", "origin": [0, 0, 0]},
			"faces": {
				"up": {"uv": [0, 0, 16, 15.95313], "texture": "#3"},
				"down": {"uv": [0, 0, 16, 16], "texture": "#3"}
			}
		},
		{
			"from": [0, 9.5, 7],
			"to": [11, 9.5, 18],
			"rotation": {"angle": -45, "axis": "x", "origin": [0, 0, 0]},
			"faces": {
				"up": {"uv": [0, 0, 16, 15.95313], "texture": "#3"},
				"down": {"uv": [0, 0, 16, 16], "texture": "#3"}
			}
		},
		{
			"from": [0, 9, 7],
			"to": [11, 9, 18],
			"rotation": {"angle": -45, "axis": "x", "origin": [0, 0, 0]},
			"faces": {
				"up": {"uv": [0, 0, 16, 15.95313], "texture": "#3"},
				"down": {"uv": [0, 0, 16, 16], "texture": "#3"}
			}
		},
		{
			"from": [-6.25, 22.5, 2.25],
			"to": [4.75, 22.5, 13.25],
			"rotation": {"angle": -45, "axis": "z", "origin": [0, 0, 0]},
			"faces": {
				"up": {"uv": [0, 0, 16, 15.95313], "texture": "#4"},
				"down": {"uv": [0, 0, 16, 16], "texture": "#4"}
			}
		},
		{
			"from": [-6.25, 22, 2.25],
			"to": [4.75, 22, 13.25],
			"rotation": {"angle": -45, "axis": "z", "origin": [0, 0, 0]},
			"faces": {
				"up": {"uv": [0, 0, 16, 15.95313], "texture": "#4"},
				"down": {"uv": [0, 0, 16, 16], "texture": "#4"}
			}
		},
		{
			"from": [-6.25, 21, 2.25],
			"to": [4.75, 21, 13.25],
			"rotation": {"angle": -45, "axis": "z", "origin": [0, 0, 0]},
			"faces": {
				"up": {"uv": [0, 0, 16, 15.95313], "texture": "#3"},
				"down": {"uv": [0, 0, 16, 16], "texture": "#3"}
			}
		},
		{
			"from": [-6.25, 20.5, 2.25],
			"to": [4.75, 20.5, 13.25],
			"rotation": {"angle": -45, "axis": "z", "origin": [0, 0, 0]},
			"faces": {
				"up": {"uv": [0, 0, 16, 15.95313], "texture": "#3"},
				"down": {"uv": [0, 0, 16, 16], "texture": "#3"}
			}
		},
		{
			"from": [-6.25, 21.5, 2.25],
			"to": [4.75, 21.5, 13.25],
			"rotation": {"angle": -45, "axis": "z", "origin": [0, 0, 0]},
			"faces": {
				"up": {"uv": [0, 0, 16, 15.95313], "texture": "#3"},
				"down": {"uv": [0, 0, 16, 16], "texture": "#3"}
			}
		},
		{
			"from": [-2.25, 20, -7.75],
			"to": [8.75, 20, 3.25],
			"rotation": {"angle": 45, "axis": "x", "origin": [0, 0, 0]},
			"faces": {
				"up": {"uv": [0, 0, 16, 15.95313], "texture": "#3"},
				"down": {"uv": [0, 0, 16, 16], "texture": "#3"}
			}
		},
		{
			"from": [-2.25, 19.5, -7.75],
			"to": [8.75, 19.5, 3.25],
			"rotation": {"angle": 45, "axis": "x", "origin": [0, 0, 0]},
			"faces": {
				"up": {"uv": [0, 0, 16, 15.95313], "texture": "#3"},
				"down": {"uv": [0, 0, 16, 16], "texture": "#3"}
			}
		},
		{
			"from": [-2.25, 19, -7.75],
			"to": [8.75, 19, 3.25],
			"rotation": {"angle": 45, "axis": "x", "origin": [0, 0, 0]},
			"faces": {
				"up": {"uv": [0, 0, 16, 15.95313], "texture": "#3"},
				"down": {"uv": [0, 0, 16, 16], "texture": "#3"}
			}
		},
		{
			"from": [-2.25, 20.75, -7.75],
			"to": [8.75, 20.75, 3.25],
			"rotation": {"angle": 45, "axis": "x", "origin": [0, 0, 0]},
			"faces": {
				"up": {"uv": [0, 0, 16, 15.95313], "texture": "#4"},
				"down": {"uv": [0, 0, 16, 16], "texture": "#4"}
			}
		},
		{
			"from": [-2.25, 20.5, -7.75],
			"to": [8.75, 20.5, 3.25],
			"rotation": {"angle": 45, "axis": "x", "origin": [0, 0, 0]},
			"faces": {
				"up": {"uv": [0, 0, 16, 15.95313], "texture": "#4"},
				"down": {"uv": [0, 0, 16, 16], "texture": "#4"}
			}
		}
	],
	"display": {
		"thirdperson_righthand": {
			"scale": [0.5, 0.5, 0.5]
		},
		"thirdperson_lefthand": {
			"scale": [0.5, 0.5, 0.5]
		},
		"firstperson_righthand": {
			"rotation": [5, 45, 0],
			"scale": [0.5, 0.5, 0.5]
		},
		"firstperson_lefthand": {
			"rotation": [5, 45, 0],
			"scale": [0.5, 0.5, 0.5]
		},
		"ground": {
			"translation": [0, 4, 0],
			"scale": [0.4, 0.4, 0.4]
		},
		"gui": {
			"rotation": [20, 45, 0],
			"scale": [0.54, 0.54, 0.54]
		}
	},
	"groups": [
		{
			"name": "group",
			"origin": [8, 8, 8],
			"color": 0,
			"children": [
				{
					"name": "group",
					"origin": [8, 8, 8],
					"color": 0,
					"children": [0, 1, 2, 3, 4, 5, 6, 7]
				},
				{
					"name": "group",
					"origin": [8, 8, 8],
					"color": 0,
					"children": [
						{
							"name": "group",
							"origin": [8, 8, 8],
							"color": 0,
							"children": [8, 9, 10, 11, 12]
						}
					]
				},
				{
					"name": "grass",
					"origin": [8, 8, 8],
					"color": 0,
					"children": [13, 14, 15]
				}
			]
		},
		16,
		17,
		18,
		19,
		20,
		{
			"name": "group",
			"origin": [0, 0, 0],
			"color": 0,
			"children": [21, 22, 23, 24, 25]
		},
		{
			"name": "group",
			"origin": [0, 0, 0],
			"color": 0,
			"children": [26, 27, 28, 29, 30]
		}
	]
}