{
	"credit": "Made with Blockbench",
	"ambientocclusion": false,
	"textures": {
		"0": "block/grass_overlay",
		"2": "block/grass_block_top"
	},
	"elements": [
		{
			"from": [4, -3.175, 4],
			"to": [12, 0, 12],
			"rotation": {"angle": 0, "axis": "x", "origin": [4, -1, 5]},
			"faces": {
				"north": {"uv": [4, 0, 8, 8], "rotation": 180, "texture": "#2"},
				"east": {"uv": [4, 0, 8, 8], "rotation": 180, "texture": "#2"},
				"south": {"uv": [4, 0, 8, 8], "rotation": 180, "texture": "#2"},
				"west": {"uv": [4, 0, 8, 8], "rotation": 180, "texture": "#2"}
			}
		},
		{
			"name": "top overlay",
			"from": [4, 4.6, 4],
			"to": [12, 4.6, 12],
			"rotation": {"angle": 0, "axis": "x", "origin": [4, -1, 5]},
			"faces": {
				"north": {"uv": [0, 0, 0, 0], "rotation": 180, "texture": "#0"},
				"east": {"uv": [0, 0, 0, 0], "rotation": 270, "texture": "#0"},
				"south": {"uv": [0, 0, 0, 0], "texture": "#0"},
				"west": {"uv": [0, 0, 0, 0], "rotation": 90, "texture": "#0"},
				"up": {"uv": [0, 8, 8, 16], "rotation": 180, "texture": "#0"},
				"down": {"uv": [0, 8, 8, 16], "texture": "#0"}
			}
		},
		{
			"name": "top overlay",
			"from": [4, 4.4, 4],
			"to": [12, 4.4, 12],
			"rotation": {"angle": 0, "axis": "x", "origin": [4, -1, 5]},
			"faces": {
				"north": {"uv": [0, 0, 0, 0], "rotation": 180, "texture": "#0"},
				"east": {"uv": [0, 0, 0, 0], "rotation": 270, "texture": "#0"},
				"south": {"uv": [0, 0, 0, 0], "texture": "#0"},
				"west": {"uv": [0, 0, 0, 0], "rotation": 90, "texture": "#0"},
				"up": {"uv": [0, 8, 8, 16], "rotation": 180, "texture": "#0"}
			}
		},
		{
			"name": "top overlay",
			"from": [4, 4.2, 4],
			"to": [12, 4.2, 12],
			"rotation": {"angle": 0, "axis": "x", "origin": [4, -1, 5]},
			"faces": {
				"north": {"uv": [0, 0, 0, 0], "rotation": 180, "texture": "#0"},
				"east": {"uv": [0, 0, 0, 0], "rotation": 270, "texture": "#0"},
				"south": {"uv": [0, 0, 0, 0], "texture": "#0"},
				"west": {"uv": [0, 0, 0, 0], "rotation": 90, "texture": "#0"},
				"up": {"uv": [0, 8, 8, 16], "rotation": 180, "texture": "#0"},
				"down": {"uv": [0, 8, 8, 16], "texture": "#0"}
			}
		},
		{
			"name": "top overlay",
			"from": [4, 4, 4],
			"to": [12, 4, 12],
			"rotation": {"angle": 0, "axis": "x", "origin": [4, -1, 5]},
			"faces": {
				"north": {"uv": [0, 0, 0, 0], "rotation": 180, "texture": "#0"},
				"east": {"uv": [0, 0, 0, 0], "rotation": 270, "texture": "#0"},
				"south": {"uv": [0, 0, 0, 0], "texture": "#0"},
				"west": {"uv": [0, 0, 0, 0], "rotation": 90, "texture": "#0"},
				"up": {"uv": [0, 8, 8, 16], "rotation": 180, "texture": "#0"}
			}
		},
		{
			"name": "top overlay",
			"from": [4, 3.8, 4],
			"to": [12, 3.8, 12],
			"rotation": {"angle": 0, "axis": "x", "origin": [4, -1, 5]},
			"faces": {
				"north": {"uv": [0, 0, 0, 0], "rotation": 180, "texture": "#0"},
				"east": {"uv": [0, 0, 0, 0], "rotation": 270, "texture": "#0"},
				"south": {"uv": [0, 0, 0, 0], "texture": "#0"},
				"west": {"uv": [0, 0, 0, 0], "rotation": 90, "texture": "#0"},
				"up": {"uv": [0, 8, 8, 16], "rotation": 180, "texture": "#0"},
				"down": {"uv": [0, 8, 8, 16], "texture": "#0"}
			}
		},
		{
			"name": "top overlay",
			"from": [4, 3.6, 4],
			"to": [12, 3.6, 12],
			"rotation": {"angle": 0, "axis": "x", "origin": [4, -1, 5]},
			"faces": {
				"north": {"uv": [0, 0, 0, 0], "rotation": 180, "texture": "#0"},
				"east": {"uv": [0, 0, 0, 0], "rotation": 270, "texture": "#0"},
				"south": {"uv": [0, 0, 0, 0], "texture": "#0"},
				"west": {"uv": [0, 0, 0, 0], "rotation": 90, "texture": "#0"},
				"up": {"uv": [0, 8, 8, 16], "rotation": 180, "texture": "#0"}
			}
		},
		{
			"name": "top overlay",
			"from": [4, 3.4, 4],
			"to": [12, 3.4, 12],
			"rotation": {"angle": 0, "axis": "x", "origin": [4, -1, 5]},
			"faces": {
				"north": {"uv": [0, 0, 0, 0], "rotation": 180, "texture": "#0"},
				"east": {"uv": [0, 0, 0, 0], "rotation": 270, "texture": "#0"},
				"south": {"uv": [0, 0, 0, 0], "texture": "#0"},
				"west": {"uv": [0, 0, 0, 0], "rotation": 90, "texture": "#0"},
				"up": {"uv": [0, 8, 8, 16], "rotation": 180, "texture": "#0"}
			}
		},
		{
			"from": [4, 0, 4],
			"to": [12, 3.175, 12],
			"rotation": {"angle": 0, "axis": "x", "origin": [4, -1, 5]},
			"faces": {
				"north": {"uv": [4, 0, 8, 8], "rotation": 180, "texture": "#2"},
				"east": {"uv": [4, 0, 8, 8], "rotation": 180, "texture": "#2"},
				"south": {"uv": [4, 0, 8, 8], "rotation": 180, "texture": "#2"},
				"west": {"uv": [4, 0, 8, 8], "rotation": 180, "texture": "#2"},
				"up": {"uv": [0, 0, 16, 16], "texture": "#2"}
			}
		}
	],
	"display": {
		"thirdperson_righthand": {
			"scale": [0.5, 0.5, 0.5]
		},
		"thirdperson_lefthand": {
			"scale": [0.5, 0.5, 0.5]
		},
		"firstperson_righthand": {
			"rotation": [5, 45, 0],
			"scale": [0.5, 0.5, 0.5]
		},
		"firstperson_lefthand": {
			"rotation": [5, 45, 0],
			"scale": [0.5, 0.5, 0.5]
		},
		"ground": {
			"translation": [0, 4, 0],
			"scale": [0.4, 0.4, 0.4]
		},
		"gui": {
			"rotation": [20, 45, 0],
			"scale": [0.54, 0.54, 0.54]
		}
	},
	"groups": [
		{
			"name": "vine_1u",
			"origin": [8, 8, 8],
			"color": 0,
			"children": [
				{
					"name": "vine_1",
					"origin": [8, 8, 8],
					"color": 0,
					"children": [0]
				},
				{
					"name": "vine_1",
					"origin": [8, 8, 8],
					"color": 0,
					"children": [
						{
							"name": "group",
							"origin": [13, -12, -23],
							"color": 0,
							"children": [1, 2, 3, 4, 5, 6, 7]
						},
						8
					]
				}
			]
		}
	]
}