{
	"credit": "Made with Blockbench",
	"parent": "block/template_fence_gate_open",
	"textures": {
		"1": "block/snow",
		"2": "block/birch_wood_top",
		"4": "block/birch_wood_bottom",
		"particle": "block/snow"
	},
	"elements": [
		{
			"from": [0, 3.2, 0],
			"to": [16, 12.85, 16],
			"faces": {
				"north": {"uv": [0, 0, 16, 9.71875], "texture": "#2", "cullface": "north"},
				"east": {"uv": [0, 0, 16, 9.71875], "texture": "#2", "cullface": "east"},
				"south": {"uv": [0.04688, 0, 16.04688, 9.71875], "texture": "#2", "cullface": "south"},
				"west": {"uv": [0, 0, 16, 9.71875], "texture": "#2", "cullface": "west"}
			}
		},
		{
			"from": [0, 0, 0],
			"to": [16, 3.175, 16],
			"faces": {
				"north": {"uv": [0, 0, 16, 5.42188], "texture": "#2", "cullface": "north"},
				"east": {"uv": [0, 12.83333, 16, 15.98958], "texture": "#2", "cullface": "east"},
				"south": {"uv": [0, 12.83333, 16, 15.98958], "texture": "#2", "cullface": "south"},
				"west": {"uv": [0, 12.83333, 16, 15.98958], "texture": "#2", "cullface": "west"},
				"up": {"uv": [0, 0, 0, 0], "texture": "#2"},
				"down": {"uv": [0, 0, 16, 16], "rotation": 90, "texture": "#4", "cullface": "down"}
			}
		},
		{
			"from": [8, 12.825, 8],
			"to": [16, 16, 16],
			"faces": {
				"east": {"uv": [8, 0, 16, 3.16667], "texture": "#1", "cullface": "east"},
				"south": {"uv": [0, 0, 8, 16], "texture": "#1", "cullface": "south"},
				"up": {"uv": [0, 0, 8, 16], "rotation": 90, "texture": "#1", "cullface": "up"}
			}
		},
		{
			"from": [0, 12.825, 8],
			"to": [8, 16, 16],
			"faces": {
				"north": {"uv": [0, 0, 0, 0], "texture": "#2"},
				"east": {"uv": [0, 0, 0, 0], "texture": "#2", "cullface": "east"},
				"south": {"uv": [0, 0, 8, 16], "texture": "#2", "cullface": "south"},
				"west": {"uv": [0, 0, 8, 4], "texture": "#2", "cullface": "west"},
				"up": {"uv": [0, 0, 8, 16], "rotation": 90, "texture": "#2", "cullface": "up"},
				"down": {"uv": [0, 0, 0, 0], "texture": "#2"}
			}
		},
		{
			"from": [0, 12.825, 0],
			"to": [16, 16, 8],
			"faces": {
				"north": {"uv": [0, 12.83333, 16, 15.98958], "rotation": 180, "texture": "#2", "cullface": "north"},
				"east": {"uv": [0.04688, 12.89063, 16.04688, 16.04688], "rotation": 180, "texture": "#2", "cullface": "east"},
				"west": {"uv": [0, 12.83333, 16, 15.98958], "rotation": 180, "texture": "#2", "cullface": "west"},
				"up": {"uv": [8, 0, 16, 16], "rotation": 90, "texture": "#2", "cullface": "up"}
			}
		}
	],
	"display": {
		"thirdperson_righthand": {
			"scale": [0.5, 0.5, 0.5]
		},
		"thirdperson_lefthand": {
			"scale": [0.5, 0.5, 0.5]
		},
		"firstperson_righthand": {
			"rotation": [5, 45, 0],
			"scale": [0.5, 0.5, 0.5]
		},
		"firstperson_lefthand": {
			"rotation": [5, 45, 0],
			"scale": [0.5, 0.5, 0.5]
		},
		"ground": {
			"translation": [0, 4, 0],
			"scale": [0.4, 0.4, 0.4]
		},
		"gui": {
			"rotation": [20, -45, 0],
			"scale": [0.54, 0.54, 0.54]
		}
	}
}