{
	"credit": "Made with Blockbench",
	"parent": "block/template_fence_gate_open",
	"textures": {
		"1": "block/allium",
		"2": "block/deepslate",
		"4": "block/deepslate_bottom",
		"particle": "block/allium"
	},
	"elements": [
		{
			"from": [0, 6.575, 0],
			"to": [16, 12.85, 16],
			"faces": {
				"north": {"uv": [0, 0, 16, 6.34375], "texture": "#2", "cullface": "north"},
				"east": {"uv": [0, 0, 16, 6.34375], "texture": "#2", "cullface": "east"},
				"south": {"uv": [0.04688, 0, 16, 6.34375], "texture": "#2", "cullface": "south"},
				"west": {"uv": [0, 0, 16, 6.34375], "texture": "#2", "cullface": "west"}
			}
		},
		{
			"from": [0, 3.1, 8],
			"to": [16, 6.6, 16],
			"faces": {
				"east": {"uv": [0, 0, 16, 3.15625], "texture": "#2", "cullface": "east"},
				"south": {"uv": [0.09375, 0, 16.04688, 3.15625], "texture": "#2", "cullface": "south"},
				"west": {"uv": [0, 0, 16, 3.15625], "texture": "#2", "cullface": "west"}
			}
		},
		{
			"from": [8, 3.1, 0],
			"to": [16, 6.6, 8],
			"faces": {
				"north": {"uv": [0, 0, 8, 3.07813], "texture": "#2", "cullface": "north"},
				"east": {"uv": [0, 0, 16, 3.15625], "texture": "#2", "cullface": "east"}
			}
		},
		{
			"from": [0, 3.1, 0],
			"to": [8, 6.6, 8],
			"faces": {
				"north": {"uv": [2.53125, 5.07813, 5.53125, 8.07813], "texture": "#1", "cullface": "north"},
				"west": {"uv": [2.51563, 5.07813, 5.51563, 8.07813], "texture": "#1", "cullface": "west"}
			}
		},
		{
			"from": [0, 0, 0],
			"to": [16, 3.175, 16],
			"faces": {
				"north": {"uv": [0, 0, 16, 3.125], "texture": "#2", "cullface": "north"},
				"east": {"uv": [0, 12.83333, 16, 15.98958], "texture": "#2", "cullface": "east"},
				"south": {"uv": [0, 12.83333, 16, 15.98958], "texture": "#2", "cullface": "south"},
				"west": {"uv": [0, 12.83333, 16, 15.98958], "texture": "#2", "cullface": "west"},
				"down": {"uv": [0, 0, 16, 16], "rotation": 90, "texture": "#4", "cullface": "down"}
			}
		},
		{
			"from": [8, 12.825, 8],
			"to": [16, 16, 16],
			"faces": {
				"east": {"uv": [2.26563, 5.20313, 5.26563, 8.20313], "texture": "#1", "cullface": "east"},
				"south": {"uv": [2.25, 5.18751, 5.25001, 8.18751], "texture": "#1", "cullface": "south"},
				"up": {"uv": [2.31251, 5.31251, 5.31251, 8.31251], "rotation": 90, "texture": "#1", "cullface": "up"}
			}
		},
		{
			"from": [0, 12.825, 8],
			"to": [8, 16, 16],
			"faces": {
				"south": {"uv": [0, 0, 8, 3.1875], "texture": "#2", "cullface": "south"},
				"west": {"uv": [0, 0, 8, 3.15625], "texture": "#2", "cullface": "west"},
				"up": {"uv": [0, 4.5, 8, 12.04688], "rotation": 90, "texture": "#2", "cullface": "up"}
			}
		},
		{
			"from": [0, 12.825, 0],
			"to": [16, 16, 8],
			"faces": {
				"north": {"uv": [0.04688, 0, 16.04688, 3.15625], "rotation": 180, "texture": "#2", "cullface": "north"},
				"east": {"uv": [0.04688, 12.89063, 16.04688, 16.04688], "rotation": 180, "texture": "#2", "cullface": "east"},
				"west": {"uv": [0, 0, 16, 3.15625], "rotation": 180, "texture": "#2", "cullface": "west"},
				"up": {"uv": [0, 4.57813, 16, 12.57813], "rotation": 180, "texture": "#2", "cullface": "up"}
			}
		}
	],
	"display": {
		"thirdperson_righthand": {
			"scale": [0.5, 0.5, 0.5]
		},
		"thirdperson_lefthand": {
			"scale": [0.5, 0.5, 0.5]
		},
		"firstperson_righthand": {
			"rotation": [5, 45, 0],
			"scale": [0.5, 0.5, 0.5]
		},
		"firstperson_lefthand": {
			"rotation": [5, 45, 0],
			"scale": [0.5, 0.5, 0.5]
		},
		"ground": {
			"translation": [0, 4, 0],
			"scale": [0.4, 0.4, 0.4]
		},
		"gui": {
			"rotation": [20, -45, 0],
			"scale": [0.54, 0.54, 0.54]
		}
	}
}