{
	"credit": "Made with Blockbench",
	"textures": {
		"2": "block/dirt_block_side",
		"3": "block/dirt_bottom",
		"4": "block/podzol_block_side",
		"particle": "block/dirt_bottom"
	},
	"elements": [
		{
			"from": [0, 0, 0],
			"to": [16, 9.75, 16],
			"faces": {
				"north": {"uv": [0, 6.28125, 16, 16], "texture": "#2", "cullface": "north"},
				"east": {"uv": [0, 6.28125, 16, 16], "texture": "#2", "cullface": "east"},
				"south": {"uv": [0, 6.28125, 16, 16], "texture": "#2", "cullface": "south"},
				"west": {"uv": [0, 6.28125, 16, 16], "texture": "#2", "cullface": "west"},
				"down": {"uv": [0, 0, 16, 16], "texture": "#3", "cullface": "down"}
			}
		},
		{
			"from": [0, 9.75, 0],
			"to": [16, 16, 16],
			"faces": {
				"north": {"uv": [0, 0, 16, 6.28125], "texture": "#4", "cullface": "north"},
				"east": {"uv": [0, 0, 16, 6.23438], "texture": "#4", "cullface": "east"},
				"south": {"uv": [0, 0, 16, 6.28125], "texture": "#4", "cullface": "south"},
				"west": {"uv": [0.04688, 0.04688, 16, 6.29688], "texture": "#4", "cullface": "west"},
				"up": {"uv": [0.04688, 6.26563, 16, 16], "texture": "#4", "cullface": "up"}
			}
		}
	],
	"display": {
		"thirdperson_righthand": {
			"scale": [0.5, 0.5, 0.5]
		},
		"thirdperson_lefthand": {
			"scale": [0.5, 0.5, 0.5]
		},
		"firstperson_righthand": {
			"rotation": [5, 45, 0],
			"scale": [0.5, 0.5, 0.5]
		},
		"firstperson_lefthand": {
			"rotation": [5, 45, 0],
			"scale": [0.5, 0.5, 0.5]
		},
		"ground": {
			"translation": [0, 4, 0],
			"scale": [0.4, 0.4, 0.4]
		},
		"gui": {
			"rotation": [20, 45, 0],
			"scale": [0.54, 0.54, 0.54]
		}
	}
}