{
	"credit": "Made with Blockbench",
	"ambientocclusion": false,
	"textures": {
		"1": "block/deepslate_top",
		"2": "block/deepslate",
		"3": "block/cobbled_deepslate_botoom",
		"4": "block/deepslate_top",
		"particle": "block/deepslate_overlay"
	},
	"elements": [
		{
			"from": [0, 0, 8],
			"to": [8, 12.85, 16],
			"faces": {
				"north": {"uv": [0, 3.14063, 16, 16], "texture": "#2"},
				"east": {"uv": [0, 3.14063, 16, 16], "texture": "#2"},
				"south": {"uv": [0, 3.14063, 16, 16], "texture": "#2"},
				"west": {"uv": [0, 3.14063, 16, 16], "texture": "#2"},
				"up": {"uv": [0.04688, 0.04688, 16, 16], "rotation": 270, "texture": "#1", "cullface": "up"},
				"down": {"uv": [0, 0, 8, 8], "rotation": 90, "texture": "#3", "cullface": "down"}
			}
		},
		{
			"from": [0, 0, 0],
			"to": [8, 16, 8],
			"faces": {
				"north": {"uv": [0, 0, 16, 16], "texture": "#2"},
				"east": {"uv": [0, 0, 16, 16], "texture": "#2"},
				"south": {"uv": [0, 0, 16, 16], "texture": "#2"},
				"west": {"uv": [0, 0, 16, 16], "texture": "#2"},
				"up": {"uv": [0.04688, 0.04688, 16, 16], "texture": "#4", "cullface": "up"},
				"down": {"uv": [0, 0, 8, 8], "texture": "#3", "cullface": "down"}
			}
		}
	],
	"display": {
		"thirdperson_righthand": {
			"scale": [0.5, 0.5, 0.5]
		},
		"thirdperson_lefthand": {
			"scale": [0.5, 0.5, 0.5]
		},
		"firstperson_righthand": {
			"rotation": [5, 45, 0],
			"scale": [0.5, 0.5, 0.5]
		},
		"firstperson_lefthand": {
			"rotation": [5, 45, 0],
			"scale": [0.5, 0.5, 0.5]
		},
		"ground": {
			"translation": [0, 4, 0],
			"scale": [0.4, 0.4, 0.4]
		},
		"gui": {
			"rotation": [20, 45, 0],
			"scale": [0.54, 0.54, 0.54]
		},
		"fixed": {
			"rotation": [0, 90, 0],
			"scale": [0.5, 0.5, 0.5]
		}
	},
	"groups": [
		{
			"name": "fence_side",
			"origin": [8, 8, 8],
			"color": 0,
			"children": [0]
		},
		{
			"name": "fence_post",
			"origin": [8, 8, 8],
			"color": 0,
			"children": [1]
		}
	]
}