{
	"credit": "Made with Blockbench",
	"ambientocclusion": false,
	"textures": {
		"0": "block/red_overlay",
		"1": "block/tnt_block_top",
		"3": "block/tnt_bottom",
		"4": "block/redstone_block",
		"particle": "block/red_overlay",
		"1_1": "block/birch_planks_block_side2"
	},
	"elements": [
		{
			"from": [4, 0, 4],
			"to": [12, 9.75, 12],
			"faces": {
				"north": {"uv": [8, 6.25, 16, 16], "texture": "#1_1"},
				"east": {"uv": [8, 6.25, 16, 16], "texture": "#1_1"},
				"south": {"uv": [8, 6.25, 16, 16], "texture": "#1_1"},
				"west": {"uv": [8, 6.25, 16, 16], "texture": "#1_1"}
			}
		},
		{
			"from": [0, 9.7, 0],
			"to": [16, 19.3, 16],
			"faces": {
				"north": {"uv": [16, 6.42188, 0, 16.04688], "texture": "#4"},
				"east": {"uv": [0.04688, 6.42188, 16.04688, 16.04688], "texture": "#4"},
				"south": {"uv": [0, 6.42188, 16, 16.04688], "texture": "#4"},
				"west": {"uv": [0, 6.42188, 16, 16.04688], "texture": "#4"},
				"up": {"uv": [0.04688, 0.04688, 16, 16], "texture": "#1"},
				"down": {"uv": [0, 0, 16, 16], "texture": "#3"}
			}
		},
		{
			"name": "top overlay",
			"from": [0, 20.7, 0],
			"to": [16, 20.7, 16],
			"rotation": {"angle": 0, "axis": "y", "origin": [12, 24, 13]},
			"faces": {
				"up": {"uv": [0, 0, 16, 16], "texture": "#0"},
				"down": {"uv": [0, 0, 16, 16], "texture": "#0"}
			}
		},
		{
			"name": "top overlay",
			"from": [0, 20.5, 0],
			"to": [16, 20.5, 16],
			"rotation": {"angle": 0, "axis": "y", "origin": [12, 24, 13]},
			"faces": {
				"up": {"uv": [0, 0, 16, 16], "texture": "#0"},
				"down": {"uv": [0, 0, 16, 16], "texture": "#0"}
			}
		},
		{
			"name": "top overlay",
			"from": [0, 20.3, 0],
			"to": [16, 20.3, 16],
			"rotation": {"angle": 0, "axis": "y", "origin": [12, 24, 13]},
			"faces": {
				"up": {"uv": [0, 0, 16, 16], "texture": "#0"},
				"down": {"uv": [0, 0, 16, 16], "texture": "#0"}
			}
		},
		{
			"name": "top overlay",
			"from": [0, 20.1, 0],
			"to": [16, 20.1, 16],
			"rotation": {"angle": 0, "axis": "y", "origin": [12, 24, 13]},
			"faces": {
				"up": {"uv": [0, 0, 16, 16], "texture": "#0"},
				"down": {"uv": [0, 0, 16, 16], "texture": "#0"}
			}
		},
		{
			"name": "top overlay",
			"from": [0, 19.9, 0],
			"to": [16, 19.9, 16],
			"rotation": {"angle": 0, "axis": "y", "origin": [12, 23, 13]},
			"faces": {
				"up": {"uv": [0, 0, 16, 16], "texture": "#0"},
				"down": {"uv": [0, 0, 16, 16], "texture": "#0"}
			}
		},
		{
			"name": "top overlay",
			"from": [0, 19.7, 0],
			"to": [16, 19.7, 16],
			"rotation": {"angle": 0, "axis": "y", "origin": [12, 23, 13]},
			"faces": {
				"up": {"uv": [0, 0, 16, 16], "texture": "#0"},
				"down": {"uv": [0, 0, 16, 16], "texture": "#0"}
			}
		},
		{
			"name": "top overlay",
			"from": [0, 19.5, 0],
			"to": [16, 19.5, 16],
			"rotation": {"angle": 0, "axis": "y", "origin": [12, 23, 13]},
			"faces": {
				"up": {"uv": [0, 0, 16, 16], "texture": "#0"},
				"down": {"uv": [0, 0, 16, 16], "texture": "#0"}
			}
		}
	],
	"display": {
		"thirdperson_righthand": {
			"scale": [0.5, 0.5, 0.5]
		},
		"thirdperson_lefthand": {
			"scale": [0.5, 0.5, 0.5]
		},
		"firstperson_righthand": {
			"rotation": [5, 45, 0],
			"scale": [0.5, 0.5, 0.5]
		},
		"firstperson_lefthand": {
			"rotation": [5, 45, 0],
			"scale": [0.5, 0.5, 0.5]
		},
		"ground": {
			"translation": [0, 4, 0],
			"scale": [0.4, 0.4, 0.4]
		},
		"gui": {
			"rotation": [20, 45, 0],
			"scale": [0.54, 0.54, 0.54]
		}
	},
	"groups": [
		0,
		{
			"name": "group",
			"origin": [12, 23, 13],
			"color": 0,
			"children": [1, 2, 3, 4, 5, 6, 7, 8]
		}
	]
}