{
  "type": "minecraft:jigsaw",
  "biomes": "#void_structure_fixes:has_structure/swamp_hut",
  "step": "surface_structures",
  "spawn_overrides": {
    "creature": {
      "bounding_box": "piece",
      "spawns": [
        {
          "type": "minecraft:cat",
          "maxCount": 1,
          "minCount": 1,
          "weight": 1
        }
      ]
    },
    "monster": {
      "bounding_box": "piece",
      "spawns": [
        {
          "type": "minecraft:witch",
          "maxCount": 1,
          "minCount": 1,
          "weight": 1
        }
      ]
    }
  },
  "start_pool": "void_structure_fixes:swamp_hut/swamp_hut",
  "size": 1,
  "start_height": {
    "absolute": 63
  },
  "max_distance_from_center": 20,
  "use_expansion_hack": false
}