{
  "parent": "minecraft:husbandry/root",
  "criteria": {
    "requirement": {
      "trigger": "minecraft:impossible"
    }
  },
  "display": {
    "description": {
      "translate": "advancements.husbandry.plant_seed.description"
    },
    "icon": {
      "item": "minecraft:wheat"
    },
    "title": {
      "translate": "advancements.husbandry.plant_seed.title"
    }
  },
  "requirements": [
    [
      "wheat",
      "pumpkin_stem",
      "melon_stem",
      "beetroots",
      "nether_wart",
      "torchflower",
      "pitcher_pod"
    ]
  ],
  "sends_telemetry_event": true
}