{
	"credit": "Made with Blockbench",
	"textures": {
		"3": "block/fern",
		"5": "block/grass",
		"3_2": "block/grass_overlay",
		"particle": "block/fern"
	},
	"elements": [
		{
			"from": [4, 0, 0],
			"to": [4, 9, 4],
			"rotation": {"angle": 22.5, "axis": "y", "origin": [4, 0, 4]},
			"faces": {
				"east": {"uv": [7.10938, 4.8125, 3.25, 16], "texture": "#5"},
				"west": {"uv": [3.21875, 4.78125, 7.23438, 16], "texture": "#5"}
			}
		},
		{
			"from": [0, 0, 4],
			"to": [4, 9, 4],
			"rotation": {"angle": 45, "axis": "y", "origin": [4, 0, 4]},
			"faces": {
				"north": {"uv": [7.10938, 4.8125, 3.25, 16], "texture": "#5"},
				"south": {"uv": [3.21875, 4.78125, 7.23438, 16], "texture": "#5"}
			}
		},
		{
			"from": [4, 0, 4],
			"to": [8, 9, 4],
			"rotation": {"angle": 0, "axis": "y", "origin": [4, 0, 4]},
			"faces": {
				"north": {"uv": [3.21875, 4.78125, 7.23438, 16], "texture": "#5"},
				"south": {"uv": [7.10938, 4.8125, 3.25, 16], "texture": "#5"}
			}
		},
		{
			"from": [7.25, 8, 0.75],
			"to": [15.25, 8, 7.75],
			"rotation": {"angle": 0, "axis": "y", "origin": [7.25, 8, 5]},
			"faces": {
				"up": {"uv": [4.95313, 14.92188, 10.14063, 9.90625], "rotation": 90, "texture": "#3"},
				"down": {"uv": [4.75, 9.9375, 9.9375, 14.95313], "rotation": 270, "texture": "#3"}
			}
		},
		{
			"from": [-6.75, 8, 3],
			"to": [1.25, 8, 10],
			"rotation": {"angle": 45, "axis": "y", "origin": [1.25, 8, 5.75]},
			"faces": {
				"up": {"uv": [4.95313, 14.92188, 10.14063, 9.90625], "rotation": 270, "texture": "#3"},
				"down": {"uv": [4.75, 9.9375, 9.9375, 14.95313], "rotation": 90, "texture": "#3"}
			}
		},
		{
			"from": [-0.5, 8, -7.5],
			"to": [6.5, 8, 0.5],
			"rotation": {"angle": 22.5, "axis": "y", "origin": [3.75, 8, 0.5]},
			"faces": {
				"up": {"uv": [4.95313, 14.92188, 10.14063, 9.90625], "texture": "#3"},
				"down": {"uv": [4.75, 9.9375, 9.9375, 14.95313], "texture": "#3"}
			}
		},
		{
			"from": [4, 5, 4],
			"to": [8, 14, 4],
			"rotation": {"angle": 45, "axis": "y", "origin": [4, 5, 4]},
			"faces": {
				"north": {"uv": [3.21875, 4.78125, 7.23438, 16], "texture": "#5"},
				"south": {"uv": [7.10938, 4.8125, 3.25, 16], "texture": "#5"}
			}
		},
		{
			"from": [4, 5, 4],
			"to": [4, 14, 8],
			"rotation": {"angle": 22.5, "axis": "y", "origin": [4, 5, 4]},
			"faces": {
				"east": {"uv": [3.21875, 4.78125, 7.23438, 16], "texture": "#5"},
				"west": {"uv": [7.10938, 4.8125, 3.25, 16], "texture": "#5"}
			}
		},
		{
			"from": [0, 5, 4],
			"to": [4, 14, 4],
			"rotation": {"angle": 0, "axis": "y", "origin": [4, 5, 4]},
			"faces": {
				"north": {"uv": [7.10938, 4.8125, 3.25, 16], "texture": "#5"},
				"south": {"uv": [3.21875, 4.78125, 7.23438, 16], "texture": "#5"}
			}
		},
		{
			"from": [1.5, 13, 7.5],
			"to": [8.5, 13, 15.5],
			"rotation": {"angle": 22.5, "axis": "y", "origin": [4.25, 13, 7.5]},
			"faces": {
				"up": {"uv": [4.95313, 14.92188, 10.14063, 9.90625], "rotation": 180, "texture": "#3"},
				"down": {"uv": [4.75, 9.9375, 9.9375, 14.95313], "rotation": 180, "texture": "#3"}
			}
		},
		{
			"from": [6.75, 13, -2],
			"to": [14.75, 13, 5],
			"rotation": {"angle": 45, "axis": "y", "origin": [6.75, 13, 2.25]},
			"faces": {
				"up": {"uv": [4.95313, 14.92188, 10.14063, 9.90625], "rotation": 90, "texture": "#3"},
				"down": {"uv": [4.75, 9.9375, 9.9375, 14.95313], "rotation": 270, "texture": "#3"}
			}
		},
		{
			"from": [-7.25, 13, 0.25],
			"to": [0.75, 13, 7.25],
			"rotation": {"angle": 0, "axis": "y", "origin": [0.75, 13, 3]},
			"faces": {
				"up": {"uv": [4.95313, 14.92188, 10.14063, 9.90625], "rotation": 270, "texture": "#3"},
				"down": {"uv": [4.75, 9.9375, 9.9375, 14.95313], "rotation": 90, "texture": "#3"}
			}
		},
		{
			"from": [1, 2.75, 1],
			"to": [7, 2.75, 7],
			"rotation": {"angle": 0, "axis": "y", "origin": [9, 9.75, 7]},
			"faces": {
				"up": {"uv": [0, 0, 8, 8], "texture": "#3_2"},
				"down": {"uv": [0, 0, 8, 8], "texture": "#3_2"}
			}
		},
		{
			"from": [1, 2.25, 1],
			"to": [7, 2.25, 7],
			"rotation": {"angle": 0, "axis": "y", "origin": [9, 9.25, 7]},
			"faces": {
				"up": {"uv": [0, 0, 8, 8], "texture": "#3_2"},
				"down": {"uv": [0, 0, 8, 8], "texture": "#3_2"}
			}
		},
		{
			"from": [1, 1.75, 1],
			"to": [7, 1.75, 7],
			"rotation": {"angle": 0, "axis": "y", "origin": [9, 8.75, 7]},
			"faces": {
				"up": {"uv": [0, 0, 8, 8], "texture": "#3_2"},
				"down": {"uv": [0, 0, 8, 8], "texture": "#3_2"}
			}
		},
		{
			"from": [1, 1.25, 1],
			"to": [7, 1.25, 7],
			"rotation": {"angle": 0, "axis": "y", "origin": [9, 8.25, 7]},
			"faces": {
				"up": {"uv": [0, 0, 8, 8], "texture": "#3_2"},
				"down": {"uv": [0, 0, 8, 8], "texture": "#3_2"}
			}
		},
		{
			"from": [1, 0.75, 1],
			"to": [7, 0.75, 7],
			"rotation": {"angle": 0, "axis": "y", "origin": [9, 7.75, 7]},
			"faces": {
				"up": {"uv": [0, 0, 8, 8], "texture": "#3_2"},
				"down": {"uv": [0, 0, 8, 8], "texture": "#3_2"}
			}
		},
		{
			"from": [1, 0.25, 1],
			"to": [7, 0.25, 7],
			"rotation": {"angle": 0, "axis": "y", "origin": [9, 7.25, 7]},
			"faces": {
				"up": {"uv": [0, 0, 8, 8], "texture": "#3_2"},
				"down": {"uv": [0, 0, 8, 8], "texture": "#3_2"}
			}
		},
		{
			"from": [1, 1.25, 1],
			"to": [7, 1.25, 7],
			"rotation": {"angle": 0, "axis": "y", "origin": [9, 8.25, 7]},
			"faces": {
				"up": {"uv": [0, 0, 8, 8], "texture": "#3_2"},
				"down": {"uv": [0, 0, 8, 8], "texture": "#3_2"}
			}
		},
		{
			"from": [1, 0.75, 1],
			"to": [7, 0.75, 7],
			"rotation": {"angle": 0, "axis": "y", "origin": [9, 7.75, 7]},
			"faces": {
				"up": {"uv": [0, 0, 8, 8], "texture": "#3_2"},
				"down": {"uv": [0, 0, 8, 8], "texture": "#3_2"}
			}
		},
		{
			"from": [1, 3.5, 1],
			"to": [7, 3.5, 7],
			"rotation": {"angle": 0, "axis": "y", "origin": [9, 10.5, 7]},
			"faces": {
				"up": {"uv": [0, 0, 8, 8], "texture": "#3_2"},
				"down": {"uv": [0, 0, 8, 8], "texture": "#3_2"}
			}
		},
		{
			"from": [1, 4.7, 1],
			"to": [7, 4.7, 7],
			"rotation": {"angle": 0, "axis": "y", "origin": [9, 10.5, 7]},
			"faces": {
				"up": {"uv": [0, 0, 8, 8], "texture": "#3_2"},
				"down": {"uv": [0, 0, 8, 8], "texture": "#3_2"}
			}
		},
		{
			"from": [1, 4.1, 1],
			"to": [7, 4.1, 7],
			"rotation": {"angle": 0, "axis": "y", "origin": [9, 10.5, 7]},
			"faces": {
				"up": {"uv": [0, 0, 8, 8], "texture": "#3_2"},
				"down": {"uv": [0, 0, 8, 8], "texture": "#3_2"}
			}
		},
		{
			"from": [2.425, 9.45, 2.475],
			"to": [5.425, 9.45, 5.475],
			"rotation": {"angle": 0, "axis": "y", "origin": [-1, 16.75, 1]},
			"faces": {
				"up": {"uv": [0, 0, 8, 8], "rotation": 180, "texture": "#3_2"},
				"down": {"uv": [0, 0, 8, 8], "rotation": 180, "texture": "#3_2"}
			}
		},
		{
			"from": [2.425, 9.2, 2.475],
			"to": [5.425, 9.2, 5.475],
			"rotation": {"angle": 0, "axis": "y", "origin": [-1, 16.5, 1]},
			"faces": {
				"up": {"uv": [0, 0, 8, 8], "rotation": 180, "texture": "#3_2"},
				"down": {"uv": [0, 0, 8, 8], "rotation": 180, "texture": "#3_2"}
			}
		},
		{
			"from": [2.425, 8.95, 2.475],
			"to": [5.425, 8.95, 5.475],
			"rotation": {"angle": 0, "axis": "y", "origin": [-1, 16.25, 1]},
			"faces": {
				"up": {"uv": [0, 0, 8, 8], "rotation": 180, "texture": "#3_2"},
				"down": {"uv": [0, 0, 8, 8], "rotation": 180, "texture": "#3_2"}
			}
		},
		{
			"from": [1, 7.75, 1],
			"to": [7, 7.75, 7],
			"rotation": {"angle": 0, "axis": "y", "origin": [-1, 14.75, 1]},
			"faces": {
				"up": {"uv": [0, 0, 8, 8], "rotation": 180, "texture": "#3_2"},
				"down": {"uv": [0, 0, 8, 8], "rotation": 180, "texture": "#3_2"}
			}
		},
		{
			"from": [1, 7.25, 1],
			"to": [7, 7.25, 7],
			"rotation": {"angle": 0, "axis": "y", "origin": [-1, 14.25, 1]},
			"faces": {
				"up": {"uv": [0, 0, 8, 8], "rotation": 180, "texture": "#3_2"},
				"down": {"uv": [0, 0, 8, 8], "rotation": 180, "texture": "#3_2"}
			}
		},
		{
			"from": [1, 6.75, 1],
			"to": [7, 6.75, 7],
			"rotation": {"angle": 0, "axis": "y", "origin": [-1, 13.75, 1]},
			"faces": {
				"up": {"uv": [0, 0, 8, 8], "rotation": 180, "texture": "#3_2"},
				"down": {"uv": [0, 0, 8, 8], "rotation": 180, "texture": "#3_2"}
			}
		},
		{
			"from": [1, 6.25, 1],
			"to": [7, 6.25, 7],
			"rotation": {"angle": 0, "axis": "y", "origin": [-1, 13.25, 1]},
			"faces": {
				"up": {"uv": [0, 0, 8, 8], "rotation": 180, "texture": "#3_2"},
				"down": {"uv": [0, 0, 8, 8], "rotation": 180, "texture": "#3_2"}
			}
		},
		{
			"from": [1, 5.75, 1],
			"to": [7, 5.75, 7],
			"rotation": {"angle": 0, "axis": "y", "origin": [-1, 12.75, 1]},
			"faces": {
				"up": {"uv": [0, 0, 8, 8], "rotation": 180, "texture": "#3_2"},
				"down": {"uv": [0, 0, 8, 8], "rotation": 180, "texture": "#3_2"}
			}
		},
		{
			"from": [1, 5.25, 1],
			"to": [7, 5.25, 7],
			"rotation": {"angle": 0, "axis": "y", "origin": [-1, 12.25, 1]},
			"faces": {
				"up": {"uv": [0, 0, 8, 8], "rotation": 180, "texture": "#3_2"},
				"down": {"uv": [0, 0, 8, 8], "rotation": 180, "texture": "#3_2"}
			}
		},
		{
			"from": [1, 6.25, 1],
			"to": [7, 6.25, 7],
			"rotation": {"angle": 0, "axis": "y", "origin": [-1, 13.25, 1]},
			"faces": {
				"up": {"uv": [0, 0, 8, 8], "rotation": 180, "texture": "#3_2"},
				"down": {"uv": [0, 0, 8, 8], "rotation": 180, "texture": "#3_2"}
			}
		},
		{
			"from": [1, 5.75, 1],
			"to": [7, 5.75, 7],
			"rotation": {"angle": 0, "axis": "y", "origin": [-1, 12.75, 1]},
			"faces": {
				"up": {"uv": [0, 0, 8, 8], "rotation": 180, "texture": "#3_2"},
				"down": {"uv": [0, 0, 8, 8], "rotation": 180, "texture": "#3_2"}
			}
		},
		{
			"from": [1, 8.5, 1],
			"to": [7, 8.5, 7],
			"rotation": {"angle": 0, "axis": "y", "origin": [-1, 15.5, 1]},
			"faces": {
				"up": {"uv": [0, 0, 8, 8], "rotation": 180, "texture": "#3_2"},
				"down": {"uv": [0, 0, 8, 8], "rotation": 180, "texture": "#3_2"}
			}
		}
	],
	"groups": [
		{
			"name": "group",
			"origin": [4, 0, 4],
			"children": [0, 1, 2]
		},
		{
			"name": "group",
			"origin": [3.75, 8, 0.5],
			"children": [3, 4, 5]
		},
		{
			"name": "group",
			"origin": [4, 5, 4],
			"children": [6, 7, 8]
		},
		{
			"name": "group",
			"origin": [0.75, 13, 3],
			"children": [9, 10, 11]
		},
		{
			"name": "large_fern",
			"origin": [8, 8, 8],
			"children": [12, 13, 14, 15, 16, 17, 18, 19, 20, 21, 22, 23, 24, 25, 26, 27, 28, 29, 30, 31, 32, 33, 34]
		}
	]
}