{
	"credit": "Made with Blockbench",
	"textures": {
		"1": "block/stone_block_top",
		"2": "block/mossy_cobblestone_stairs_block_side",
		"3": "block/stone_bottom2"
	},
	"elements": [
		{
			"from": [0, 0, 8],
			"to": [8, 16, 16],
			"faces": {
				"north": {"uv": [0, 0, 8, 16], "texture": "#2"},
				"east": {"uv": [0, 3.14063, 16, 16], "texture": "#2"},
				"south": {"uv": [0, 0, 8, 16], "texture": "#2"},
				"west": {"uv": [0, 0, 8, 16], "texture": "#2", "cullface": "west"},
				"up": {"uv": [0, 0, 16, 16], "rotation": 270, "texture": "#1", "cullface": "up"},
				"down": {"uv": [0, 0, 15.98438, 15.98438], "rotation": 90, "texture": "#3", "cullface": "down"}
			}
		},
		{
			"from": [8, 0, 8],
			"to": [16, 16, 16],
			"faces": {
				"north": {"uv": [0, 0, 8, 16], "texture": "#2"},
				"east": {"uv": [0, 0, 8, 16], "texture": "#2", "cullface": "east"},
				"south": {"uv": [0, 0, 8, 16], "texture": "#2"},
				"west": {"uv": [0, 3.14063, 16, 16], "texture": "#2"},
				"up": {"uv": [0, 0, 16, 16], "rotation": 270, "texture": "#1", "cullface": "up"},
				"down": {"uv": [0, 0, 15.98438, 15.98438], "rotation": 90, "texture": "#3", "cullface": "down"}
			}
		}
	],
	"display": {
		"thirdperson_righthand": {
			"scale": [0.5, 0.5, 0.5]
		},
		"thirdperson_lefthand": {
			"scale": [0.5, 0.5, 0.5]
		},
		"firstperson_righthand": {
			"rotation": [5, 45, 0],
			"scale": [0.5, 0.5, 0.5]
		},
		"firstperson_lefthand": {
			"rotation": [5, 45, 0],
			"scale": [0.5, 0.5, 0.5]
		},
		"ground": {
			"translation": [0, 4, 0],
			"scale": [0.4, 0.4, 0.4]
		},
		"gui": {
			"rotation": [20, 45, 0],
			"scale": [0.54, 0.54, 0.54]
		}
	}
}