{
	"credit": "Made with Blockbench",
	"ambientocclusion": false,
	"textures": {
		"1": "block/dark_oak_bottom",
		"2": "block/dark_oak_overlay",
		"particle": "block/dark_oak_bottom"
	},
	"elements": [
		{
			"from": [6.44, 6.27, 6.44],
			"to": [9.56, 6.27, 9.599],
			"rotation": {"angle": 0, "axis": "y", "origin": [-4.48, 0.03, -4.48]},
			"faces": {
				"down": {"uv": [1.55, 1.5, 6.55, 6.5], "texture": "#2"}
			}
		},
		{
			"from": [6.44, 0.03, 6.44],
			"to": [9.56, 0.03, 9.599],
			"rotation": {"angle": 0, "axis": "y", "origin": [-4.48, 0.03, -4.48]},
			"faces": {
				"down": {"uv": [1.55, 1.5, 6.55, 6.5], "texture": "#2"}
			}
		},
		{
			"from": [5.972, 9.234, 5.972],
			"to": [10.028, 11.262, 10.028],
			"rotation": {"angle": 0, "axis": "y", "origin": [-4.48, 0.03, -4.48]},
			"faces": {
				"up": {"uv": [1.55, 1.5, 6.55, 6.5], "texture": "#2"},
				"down": {"uv": [1.55, 1.5, 6.55, 6.5], "texture": "#2"}
			}
		},
		{
			"from": [5.972, 1.551, 5.972],
			"to": [10.028, 2.214, 10.028],
			"rotation": {"angle": 0, "axis": "y", "origin": [-4.48, 0.03, -4.48]},
			"faces": {
				"up": {"uv": [1.55, 1.5, 6.55, 6.5], "texture": "#2"},
				"down": {"uv": [1.55, 1.5, 6.55, 6.5], "texture": "#2"}
			}
		},
		{
			"from": [7.5944, 9.2457, 10.028],
			"to": [8.4056, 11.2581, 10.028],
			"rotation": {"angle": 0, "axis": "y", "origin": [8, 9.7917, 8]},
			"faces": {
				"east": {"uv": [0, 0, 0, 0], "texture": "#1"},
				"south": {"uv": [8, 1, 16, 1.25], "rotation": 270, "texture": "#1"},
				"west": {"uv": [0, 0, 0, 0], "texture": "#1"},
				"up": {"uv": [0, 0, 0, 0], "texture": "#1"},
				"down": {"uv": [0, 0, 0, 0], "texture": "#1"}
			}
		},
		{
			"from": [5.972, 9.2457, 7.5944],
			"to": [5.972, 11.2581, 8.4056],
			"rotation": {"angle": 22.5, "axis": "y", "origin": [8, 9.7917, 8]},
			"faces": {
				"north": {"uv": [0, 0, 0, 0], "texture": "#1"},
				"south": {"uv": [0, 0, 0, 0], "texture": "#1"},
				"west": {"uv": [8, 1, 16, 1.25], "rotation": 270, "texture": "#1"},
				"up": {"uv": [0, 0, 0, 0], "texture": "#1"},
				"down": {"uv": [0, 0, 0, 0], "texture": "#1"}
			}
		},
		{
			"from": [5.972, 9.2457, 7.5944],
			"to": [5.972, 11.2581, 8.4056],
			"rotation": {"angle": 0, "axis": "y", "origin": [8, 9.7917, 8]},
			"faces": {
				"north": {"uv": [0, 0, 0, 0], "texture": "#1"},
				"south": {"uv": [0, 0, 0, 0], "texture": "#1"},
				"west": {"uv": [8, 1, 16, 1.25], "rotation": 270, "texture": "#1"},
				"up": {"uv": [0, 0, 0, 0], "texture": "#1"},
				"down": {"uv": [0, 0, 0, 0], "texture": "#1"}
			}
		},
		{
			"from": [7.5944, 9.2457, 5.972],
			"to": [8.4056, 11.2581, 5.972],
			"rotation": {"angle": -45, "axis": "y", "origin": [8, 9.7917, 8]},
			"faces": {
				"north": {"uv": [8, 1, 16, 1.25], "rotation": 270, "texture": "#1"},
				"east": {"uv": [0, 0, 0, 0], "texture": "#1"},
				"west": {"uv": [0, 0, 0, 0], "texture": "#1"},
				"up": {"uv": [0, 0, 0, 0], "texture": "#1"},
				"down": {"uv": [0, 0, 0, 0], "texture": "#1"}
			}
		},
		{
			"from": [10.028, 9.2457, 7.5944],
			"to": [10.028, 11.2581, 8.4056],
			"rotation": {"angle": -22.5, "axis": "y", "origin": [8, 9.7917, 8]},
			"faces": {
				"east": {"uv": [8, 1, 16, 1.25], "rotation": 270, "texture": "#1"},
				"south": {"uv": [0, 0, 0, 0], "texture": "#1"},
				"up": {"uv": [0, 0, 0, 0], "texture": "#1"},
				"down": {"uv": [0, 0, 0, 0], "texture": "#1"}
			}
		},
		{
			"from": [7.5944, 9.2457, 5.972],
			"to": [8.4056, 11.2581, 5.972],
			"rotation": {"angle": 22.5, "axis": "y", "origin": [8, 9.7917, 8]},
			"faces": {
				"north": {"uv": [8, 0, 16, 0.25], "rotation": 270, "texture": "#1"},
				"east": {"uv": [0, 0, 0, 0], "texture": "#1"},
				"west": {"uv": [0, 0, 0, 0], "texture": "#1"},
				"up": {"uv": [0, 0, 0, 0], "texture": "#1"},
				"down": {"uv": [0, 0, 0, 0], "texture": "#1"}
			}
		},
		{
			"from": [7.5944, 9.2457, 10.028],
			"to": [8.4056, 11.2581, 10.028],
			"rotation": {"angle": 22.5, "axis": "y", "origin": [8, 9.7917, 8]},
			"faces": {
				"east": {"uv": [0, 0, 0, 0], "texture": "#1"},
				"south": {"uv": [8, 1, 16, 1.25], "rotation": 270, "texture": "#1"},
				"west": {"uv": [0, 0, 0, 0], "texture": "#1"},
				"up": {"uv": [0, 0, 0, 0], "texture": "#1"},
				"down": {"uv": [0, 0, 0, 0], "texture": "#1"}
			}
		},
		{
			"from": [5.972, 9.2457, 7.5944],
			"to": [5.972, 11.2581, 8.4056],
			"rotation": {"angle": 45, "axis": "y", "origin": [8, 9.7917, 8]},
			"faces": {
				"north": {"uv": [0, 0, 0, 0], "texture": "#1"},
				"south": {"uv": [0, 0, 0, 0], "texture": "#1"},
				"west": {"uv": [8, 1, 16, 1.25], "rotation": 270, "texture": "#1"},
				"up": {"uv": [0, 0, 0, 0], "texture": "#1"},
				"down": {"uv": [0, 0, 0, 0], "texture": "#1"}
			}
		},
		{
			"from": [7.5944, 9.2457, 5.972],
			"to": [8.4056, 11.2581, 5.972],
			"rotation": {"angle": -22.5, "axis": "y", "origin": [8, 9.7917, 8]},
			"faces": {
				"north": {"uv": [8, 1, 16, 1.25], "rotation": 270, "texture": "#1"},
				"east": {"uv": [0, 0, 0, 0], "texture": "#1"},
				"west": {"uv": [0, 0, 0, 0], "texture": "#1"},
				"up": {"uv": [0, 0, 0, 0], "texture": "#1"},
				"down": {"uv": [0, 0, 0, 0], "texture": "#1"}
			}
		},
		{
			"from": [10.028, 9.2457, 7.5944],
			"to": [10.028, 11.2581, 8.4056],
			"rotation": {"angle": 0, "axis": "y", "origin": [8, 9.7917, 8]},
			"faces": {
				"north": {"uv": [0, 0, 0, 0], "texture": "#1"},
				"east": {"uv": [8, 1, 16, 1.25], "rotation": 270, "texture": "#1"},
				"south": {"uv": [0, 0, 0, 0], "texture": "#1"},
				"up": {"uv": [0, 0, 0, 0], "texture": "#1"},
				"down": {"uv": [0, 0, 0, 0], "texture": "#1"}
			}
		},
		{
			"from": [5.972, 9.2457, 7.5944],
			"to": [5.972, 11.2581, 8.4056],
			"rotation": {"angle": -45, "axis": "y", "origin": [8, 9.7917, 8]},
			"faces": {
				"north": {"uv": [0, 0, 0, 0], "texture": "#1"},
				"south": {"uv": [0, 0, 0, 0], "texture": "#1"},
				"west": {"uv": [8, 1, 16, 1.25], "rotation": 270, "texture": "#1"},
				"up": {"uv": [0, 0, 0, 0], "texture": "#1"},
				"down": {"uv": [0, 0, 0, 0], "texture": "#1"}
			}
		},
		{
			"from": [7.5944, 9.2457, 10.028],
			"to": [8.4056, 11.2581, 10.028],
			"rotation": {"angle": 45, "axis": "y", "origin": [8, 9.7917, 8]},
			"faces": {
				"east": {"uv": [0, 0, 0, 0], "texture": "#1"},
				"south": {"uv": [8, 1, 16, 1.25], "rotation": 270, "texture": "#1"},
				"west": {"uv": [0, 0, 0, 0], "texture": "#1"},
				"up": {"uv": [0, 0, 0, 0], "texture": "#1"},
				"down": {"uv": [0, 0, 0, 0], "texture": "#1"}
			}
		},
		{
			"from": [7.5944, 9.2457, 10.028],
			"to": [8.4056, 11.2581, 10.028],
			"rotation": {"angle": -22.5, "axis": "y", "origin": [8, 9.7917, 8]},
			"faces": {
				"east": {"uv": [0, 0, 0, 0], "texture": "#1"},
				"south": {"uv": [8, 1, 16, 1.25], "rotation": 270, "texture": "#1"},
				"west": {"uv": [0, 0, 0, 0], "texture": "#1"},
				"up": {"uv": [0, 0, 0, 0], "texture": "#1"},
				"down": {"uv": [0, 0, 0, 0], "texture": "#1"}
			}
		},
		{
			"from": [7.5944, 9.2457, 5.972],
			"to": [8.4056, 11.2581, 5.972],
			"rotation": {"angle": 0, "axis": "y", "origin": [8, 9.7917, 8]},
			"faces": {
				"north": {"uv": [8, 1, 16, 1.25], "rotation": 270, "texture": "#1"},
				"east": {"uv": [0, 0, 0, 0], "texture": "#1"},
				"west": {"uv": [0, 0, 0, 0], "texture": "#1"},
				"up": {"uv": [0, 0, 0, 0], "texture": "#1"},
				"down": {"uv": [0, 0, 0, 0], "texture": "#1"}
			}
		},
		{
			"from": [10.028, 9.2457, 7.5944],
			"to": [10.028, 11.2581, 8.4056],
			"rotation": {"angle": 22.5, "axis": "y", "origin": [8, 9.7917, 8]},
			"faces": {
				"north": {"uv": [0, 0, 0, 0], "texture": "#1"},
				"east": {"uv": [8, 1, 16, 1.25], "rotation": 270, "texture": "#1"},
				"south": {"uv": [0, 0, 0, 0], "texture": "#1"},
				"up": {"uv": [0, 0, 0, 0], "texture": "#1"},
				"down": {"uv": [0, 0, 0, 0], "texture": "#1"}
			}
		},
		{
			"from": [5.972, 9.2457, 7.5944],
			"to": [5.972, 11.2581, 8.4056],
			"rotation": {"angle": -22.5, "axis": "y", "origin": [8, 9.7917, 8]},
			"faces": {
				"north": {"uv": [0, 0, 0, 0], "texture": "#1"},
				"south": {"uv": [0, 0, 0, 0], "texture": "#1"},
				"west": {"uv": [8, 1, 16, 1.25], "rotation": 270, "texture": "#1"},
				"up": {"uv": [0, 0, 0, 0], "texture": "#1"},
				"down": {"uv": [0, 0, 0, 0], "texture": "#1"}
			}
		},
		{
			"from": [7.5944, 1.5627, 10.028],
			"to": [8.4056, 2.2101, 10.028],
			"rotation": {"angle": 0, "axis": "y", "origin": [8, 2.1087, 8]},
			"faces": {
				"east": {"uv": [0, 0, 0, 0], "texture": "#1"},
				"south": {"uv": [8, 1, 16, 1.25], "rotation": 270, "texture": "#1"},
				"west": {"uv": [0, 0, 0, 0], "texture": "#1"},
				"up": {"uv": [0, 0, 0, 0], "texture": "#1"},
				"down": {"uv": [0, 0, 0, 0], "texture": "#1"}
			}
		},
		{
			"from": [5.972, 1.5627, 7.5944],
			"to": [5.972, 2.2101, 8.4056],
			"rotation": {"angle": 22.5, "axis": "y", "origin": [8, 2.1087, 8]},
			"faces": {
				"north": {"uv": [0, 0, 0, 0], "texture": "#1"},
				"south": {"uv": [0, 0, 0, 0], "texture": "#1"},
				"west": {"uv": [8, 1, 16, 1.25], "rotation": 270, "texture": "#1"},
				"up": {"uv": [0, 0, 0, 0], "texture": "#1"},
				"down": {"uv": [0, 0, 0, 0], "texture": "#1"}
			}
		},
		{
			"from": [5.972, 1.5627, 7.5944],
			"to": [5.972, 2.2101, 8.4056],
			"rotation": {"angle": 0, "axis": "y", "origin": [8, 2.1087, 8]},
			"faces": {
				"north": {"uv": [0, 0, 0, 0], "texture": "#1"},
				"south": {"uv": [0, 0, 0, 0], "texture": "#1"},
				"west": {"uv": [8, 1, 16, 1.25], "rotation": 270, "texture": "#1"},
				"up": {"uv": [0, 0, 0, 0], "texture": "#1"},
				"down": {"uv": [0, 0, 0, 0], "texture": "#1"}
			}
		},
		{
			"from": [7.5944, 1.5627, 5.972],
			"to": [8.4056, 2.2101, 5.972],
			"rotation": {"angle": -45, "axis": "y", "origin": [8, 2.1087, 8]},
			"faces": {
				"north": {"uv": [8, 1, 16, 1.25], "rotation": 270, "texture": "#1"},
				"east": {"uv": [0, 0, 0, 0], "texture": "#1"},
				"west": {"uv": [0, 0, 0, 0], "texture": "#1"},
				"up": {"uv": [0, 0, 0, 0], "texture": "#1"},
				"down": {"uv": [0, 0, 0, 0], "texture": "#1"}
			}
		},
		{
			"from": [10.028, 1.5627, 7.5944],
			"to": [10.028, 2.2101, 8.4056],
			"rotation": {"angle": -22.5, "axis": "y", "origin": [8, 2.1087, 8]},
			"faces": {
				"east": {"uv": [8, 1, 16, 1.25], "rotation": 270, "texture": "#1"},
				"south": {"uv": [0, 0, 0, 0], "texture": "#1"},
				"up": {"uv": [0, 0, 0, 0], "texture": "#1"},
				"down": {"uv": [0, 0, 0, 0], "texture": "#1"}
			}
		},
		{
			"from": [7.5944, 1.5627, 5.972],
			"to": [8.4056, 2.2101, 5.972],
			"rotation": {"angle": 22.5, "axis": "y", "origin": [8, 2.1087, 8]},
			"faces": {
				"north": {"uv": [8, 1, 16, 1.25], "rotation": 270, "texture": "#1"},
				"east": {"uv": [0, 0, 0, 0], "texture": "#1"},
				"west": {"uv": [0, 0, 0, 0], "texture": "#1"},
				"up": {"uv": [0, 0, 0, 0], "texture": "#1"},
				"down": {"uv": [0, 0, 0, 0], "texture": "#1"}
			}
		},
		{
			"from": [7.5944, 1.5627, 10.028],
			"to": [8.4056, 2.2101, 10.028],
			"rotation": {"angle": 22.5, "axis": "y", "origin": [8, 2.1087, 8]},
			"faces": {
				"east": {"uv": [0, 0, 0, 0], "texture": "#1"},
				"south": {"uv": [8, 1, 16, 1.25], "rotation": 270, "texture": "#1"},
				"west": {"uv": [0, 0, 0, 0], "texture": "#1"},
				"up": {"uv": [0, 0, 0, 0], "texture": "#1"},
				"down": {"uv": [0, 0, 0, 0], "texture": "#1"}
			}
		},
		{
			"from": [5.972, 1.5627, 7.5944],
			"to": [5.972, 2.2101, 8.4056],
			"rotation": {"angle": 45, "axis": "y", "origin": [8, 2.1087, 8]},
			"faces": {
				"north": {"uv": [0, 0, 0, 0], "texture": "#1"},
				"south": {"uv": [0, 0, 0, 0], "texture": "#1"},
				"west": {"uv": [8, 1, 16, 1.25], "rotation": 270, "texture": "#1"},
				"up": {"uv": [0, 0, 0, 0], "texture": "#1"},
				"down": {"uv": [0, 0, 0, 0], "texture": "#1"}
			}
		},
		{
			"from": [7.5944, 1.5627, 5.972],
			"to": [8.4056, 2.2101, 5.972],
			"rotation": {"angle": -22.5, "axis": "y", "origin": [8, 2.1087, 8]},
			"faces": {
				"north": {"uv": [8, 1, 16, 1.25], "rotation": 270, "texture": "#1"},
				"east": {"uv": [0, 0, 0, 0], "texture": "#1"},
				"west": {"uv": [0, 0, 0, 0], "texture": "#1"},
				"up": {"uv": [0, 0, 0, 0], "texture": "#1"},
				"down": {"uv": [0, 0, 0, 0], "texture": "#1"}
			}
		},
		{
			"from": [10.028, 1.5627, 7.5944],
			"to": [10.028, 2.2101, 8.4056],
			"rotation": {"angle": 0, "axis": "y", "origin": [8, 2.1087, 8]},
			"faces": {
				"north": {"uv": [2, 2, 2, 2], "texture": "#1"},
				"east": {"uv": [8, 1, 16, 1.25], "rotation": 270, "texture": "#1"},
				"south": {"uv": [0, 0, 0, 0], "texture": "#1"},
				"up": {"uv": [0, 0, 0, 0], "texture": "#1"},
				"down": {"uv": [0, 0, 0, 0], "texture": "#1"}
			}
		},
		{
			"from": [5.972, 1.5627, 7.5944],
			"to": [5.972, 2.2101, 8.4056],
			"rotation": {"angle": -45, "axis": "y", "origin": [8, 2.1087, 8]},
			"faces": {
				"north": {"uv": [0, 0, 0, 0], "texture": "#1"},
				"south": {"uv": [0, 0, 0, 0], "texture": "#1"},
				"west": {"uv": [8, 1, 16, 1.25], "rotation": 270, "texture": "#1"},
				"up": {"uv": [0, 0, 0, 0], "texture": "#1"},
				"down": {"uv": [0, 0, 0, 0], "texture": "#1"}
			}
		},
		{
			"from": [7.5944, 1.5627, 10.028],
			"to": [8.4056, 2.2101, 10.028],
			"rotation": {"angle": 45, "axis": "y", "origin": [8, 2.1087, 8]},
			"faces": {
				"east": {"uv": [0, 0, 0, 0], "texture": "#1"},
				"south": {"uv": [8, 1, 16, 1.25], "rotation": 270, "texture": "#1"},
				"west": {"uv": [0, 0, 0, 0], "texture": "#1"},
				"up": {"uv": [0, 0, 0, 0], "texture": "#1"},
				"down": {"uv": [0, 0, 0, 0], "texture": "#1"}
			}
		},
		{
			"from": [7.5944, 1.5627, 10.028],
			"to": [8.4056, 2.2101, 10.028],
			"rotation": {"angle": -22.5, "axis": "y", "origin": [8, 2.1087, 8]},
			"faces": {
				"east": {"uv": [0, 0, 0, 0], "texture": "#1"},
				"south": {"uv": [8, 1, 16, 1.25], "rotation": 270, "texture": "#1"},
				"west": {"uv": [0, 0, 0, 0], "texture": "#1"},
				"up": {"uv": [0, 0, 0, 0], "texture": "#1"},
				"down": {"uv": [0, 0, 0, 0], "texture": "#1"}
			}
		},
		{
			"from": [7.5944, 1.5627, 5.972],
			"to": [8.4056, 2.2101, 5.972],
			"rotation": {"angle": 0, "axis": "y", "origin": [8, 2.1087, 8]},
			"faces": {
				"north": {"uv": [8, 1, 16, 1.25], "rotation": 270, "texture": "#1"},
				"east": {"uv": [0, 0, 0, 0], "texture": "#1"},
				"west": {"uv": [0, 0, 0, 0], "texture": "#1"},
				"up": {"uv": [0, 0, 0, 0], "texture": "#1"},
				"down": {"uv": [0, 0, 0, 0], "texture": "#1"}
			}
		},
		{
			"from": [10.028, 1.5627, 7.5944],
			"to": [10.028, 2.2101, 8.4056],
			"rotation": {"angle": 22.5, "axis": "y", "origin": [8, 2.1087, 8]},
			"faces": {
				"north": {"uv": [2, 2, 2, 2], "texture": "#1"},
				"east": {"uv": [8, 1, 16, 1.25], "rotation": 270, "texture": "#1"},
				"south": {"uv": [0, 0, 0, 0], "texture": "#1"},
				"up": {"uv": [0, 0, 0, 0], "texture": "#1"},
				"down": {"uv": [0, 0, 0, 0], "texture": "#1"}
			}
		},
		{
			"from": [5.972, 1.5627, 7.5944],
			"to": [5.972, 2.2101, 8.4056],
			"rotation": {"angle": -22.5, "axis": "y", "origin": [8, 2.1087, 8]},
			"faces": {
				"north": {"uv": [0, 0, 0, 0], "texture": "#1"},
				"south": {"uv": [0, 0, 0, 0], "texture": "#1"},
				"west": {"uv": [8, 1, 16, 1.25], "rotation": 270, "texture": "#1"},
				"up": {"uv": [0, 0, 0, 0], "texture": "#1"},
				"down": {"uv": [0, 0, 0, 0], "texture": "#1"}
			}
		},
		{
			"from": [7.688, 6.309, 9.56],
			"to": [8.312, 9.507, 9.56],
			"rotation": {"angle": 0, "axis": "y", "origin": [8, 7.869, 8]},
			"faces": {
				"east": {"uv": [0, 0, 0, 0], "texture": "#1"},
				"south": {"uv": [8, 1, 16, 1.25], "rotation": 270, "texture": "#1"},
				"west": {"uv": [0, 0, 0, 0], "texture": "#1"},
				"up": {"uv": [0, 0, 0, 0], "texture": "#1"},
				"down": {"uv": [0, 0, 0, 0], "texture": "#1"}
			}
		},
		{
			"from": [6.44, 6.309, 7.688],
			"to": [6.44, 9.507, 8.312],
			"rotation": {"angle": 22.5, "axis": "y", "origin": [8, 7.869, 8]},
			"faces": {
				"north": {"uv": [0, 0, 0, 0], "texture": "#1"},
				"south": {"uv": [0, 0, 0, 0], "texture": "#1"},
				"west": {"uv": [8, 0, 16, 0.25], "rotation": 270, "texture": "#1"},
				"up": {"uv": [0, 0, 0, 0], "texture": "#1"},
				"down": {"uv": [0, 0, 0, 0], "texture": "#1"}
			}
		},
		{
			"from": [6.44, 6.309, 7.688],
			"to": [6.44, 9.507, 8.312],
			"rotation": {"angle": 0, "axis": "y", "origin": [8, 7.869, 8]},
			"faces": {
				"north": {"uv": [0, 0, 0, 0], "texture": "#1"},
				"south": {"uv": [0, 0, 0, 0], "texture": "#1"},
				"west": {"uv": [8, 0, 16, 0.25], "rotation": 270, "texture": "#1"},
				"up": {"uv": [0, 0, 0, 0], "texture": "#1"},
				"down": {"uv": [0, 0, 0, 0], "texture": "#1"}
			}
		},
		{
			"from": [7.688, 6.309, 6.44],
			"to": [8.312, 9.507, 6.44],
			"rotation": {"angle": -45, "axis": "y", "origin": [8, 7.869, 8]},
			"faces": {
				"north": {"uv": [8, 1, 16, 1.25], "rotation": 270, "texture": "#1"},
				"east": {"uv": [0, 0, 0, 0], "texture": "#1"},
				"west": {"uv": [0, 0, 0, 0], "texture": "#1"},
				"up": {"uv": [0, 0, 0, 0], "texture": "#1"},
				"down": {"uv": [0, 0, 0, 0], "texture": "#1"}
			}
		},
		{
			"from": [9.56, 6.309, 7.688],
			"to": [9.56, 9.507, 8.312],
			"rotation": {"angle": -22.5, "axis": "y", "origin": [8, 7.869, 8]},
			"faces": {
				"east": {"uv": [8, 1, 16, 1.25], "rotation": 270, "texture": "#1"},
				"south": {"uv": [0, 0, 0, 0], "texture": "#1"},
				"up": {"uv": [0, 0, 0, 0], "texture": "#1"},
				"down": {"uv": [0, 0, 0, 0], "texture": "#1"}
			}
		},
		{
			"from": [7.688, 6.309, 6.44],
			"to": [8.312, 9.507, 6.44],
			"rotation": {"angle": 22.5, "axis": "y", "origin": [8, 7.869, 8]},
			"faces": {
				"north": {"uv": [8, 1, 16, 1.25], "rotation": 270, "texture": "#1"},
				"east": {"uv": [0, 0, 0, 0], "texture": "#1"},
				"west": {"uv": [2, 1, 2, 1], "texture": "#1"},
				"up": {"uv": [0, 0, 0, 0], "texture": "#1"},
				"down": {"uv": [0, 0, 0, 0], "texture": "#1"}
			}
		},
		{
			"from": [7.688, 6.309, 9.56],
			"to": [8.312, 9.507, 9.56],
			"rotation": {"angle": 22.5, "axis": "y", "origin": [8, 7.869, 8]},
			"faces": {
				"east": {"uv": [0, 0, 0, 0], "texture": "#1"},
				"south": {"uv": [8, 1, 16, 1.25], "rotation": 270, "texture": "#1"},
				"west": {"uv": [0, 0, 0, 0], "texture": "#1"},
				"up": {"uv": [0, 0, 0, 0], "texture": "#1"},
				"down": {"uv": [0, 0, 0, 0], "texture": "#1"}
			}
		},
		{
			"from": [6.44, 6.309, 7.688],
			"to": [6.44, 9.507, 8.312],
			"rotation": {"angle": 45, "axis": "y", "origin": [8, 7.869, 8]},
			"faces": {
				"north": {"uv": [0, 0, 0, 0], "texture": "#1"},
				"south": {"uv": [0, 0, 0, 0], "texture": "#1"},
				"west": {"uv": [8, 1, 16, 1.25], "rotation": 270, "texture": "#1"},
				"up": {"uv": [0, 0, 0, 0], "texture": "#1"},
				"down": {"uv": [0, 0, 0, 0], "texture": "#1"}
			}
		},
		{
			"from": [7.688, 6.309, 6.44],
			"to": [8.312, 9.507, 6.44],
			"rotation": {"angle": -22.5, "axis": "y", "origin": [8, 7.869, 8]},
			"faces": {
				"north": {"uv": [8, 1, 16, 1.25], "rotation": 270, "texture": "#1"},
				"east": {"uv": [0, 0, 0, 0], "texture": "#1"},
				"west": {"uv": [0, 0, 0, 0], "texture": "#1"},
				"up": {"uv": [0, 0, 0, 0], "texture": "#1"},
				"down": {"uv": [0, 0, 0, 0], "texture": "#1"}
			}
		},
		{
			"from": [9.56, 6.309, 7.688],
			"to": [9.56, 9.507, 8.312],
			"rotation": {"angle": 0, "axis": "y", "origin": [8, 7.869, 8]},
			"faces": {
				"north": {"uv": [0, 0, 0, 0], "texture": "#1"},
				"east": {"uv": [8, 1, 16, 1.25], "rotation": 270, "texture": "#1"},
				"south": {"uv": [0, 0, 0, 0], "texture": "#1"},
				"up": {"uv": [0, 0, 0, 0], "texture": "#1"},
				"down": {"uv": [0, 0, 0, 0], "texture": "#1"}
			}
		},
		{
			"from": [6.44, 6.309, 7.688],
			"to": [6.44, 9.507, 8.312],
			"rotation": {"angle": -45, "axis": "y", "origin": [8, 7.869, 8]},
			"faces": {
				"north": {"uv": [0, 0, 0, 0], "texture": "#1"},
				"south": {"uv": [0, 0, 0, 0], "texture": "#1"},
				"west": {"uv": [2, 1, 10, 1.25], "rotation": 270, "texture": "#1"},
				"up": {"uv": [0, 0, 0, 0], "texture": "#1"},
				"down": {"uv": [0, 0, 0, 0], "texture": "#1"}
			}
		},
		{
			"from": [7.688, 6.309, 9.56],
			"to": [8.312, 9.507, 9.56],
			"rotation": {"angle": 45, "axis": "y", "origin": [8, 7.869, 8]},
			"faces": {
				"east": {"uv": [0, 0, 0, 0], "texture": "#1"},
				"south": {"uv": [8, 1, 16, 1.25], "rotation": 270, "texture": "#1"},
				"west": {"uv": [0, 0, 0, 0], "texture": "#1"},
				"up": {"uv": [0, 0, 0, 0], "texture": "#1"},
				"down": {"uv": [0, 0, 0, 0], "texture": "#1"}
			}
		},
		{
			"from": [7.688, 6.309, 9.56],
			"to": [8.312, 9.507, 9.56],
			"rotation": {"angle": -22.5, "axis": "y", "origin": [8, 7.869, 8]},
			"faces": {
				"east": {"uv": [0, 0, 0, 0], "texture": "#1"},
				"south": {"uv": [8, 1, 16, 1.25], "rotation": 270, "texture": "#1"},
				"west": {"uv": [0, 0, 0, 0], "texture": "#1"},
				"up": {"uv": [0, 0, 0, 0], "texture": "#1"},
				"down": {"uv": [0, 0, 0, 0], "texture": "#1"}
			}
		},
		{
			"from": [7.688, 6.309, 6.44],
			"to": [8.312, 9.507, 6.44],
			"rotation": {"angle": 0, "axis": "y", "origin": [8, 7.869, 8]},
			"faces": {
				"north": {"uv": [8, 1, 16, 1.25], "rotation": 270, "texture": "#1"},
				"east": {"uv": [0, 0, 0, 0], "texture": "#1"},
				"west": {"uv": [0, 0, 0, 0], "texture": "#1"},
				"up": {"uv": [0, 0, 0, 0], "texture": "#1"},
				"down": {"uv": [0, 0, 0, 0], "texture": "#1"}
			}
		},
		{
			"from": [9.56, 6.309, 7.688],
			"to": [9.56, 9.507, 8.312],
			"rotation": {"angle": 22.5, "axis": "y", "origin": [8, 7.869, 8]},
			"faces": {
				"north": {"uv": [0, 0, 0, 0], "texture": "#1"},
				"east": {"uv": [8, 1, 16, 1.25], "rotation": 270, "texture": "#1"},
				"south": {"uv": [0, 0, 0, 0], "texture": "#1"},
				"up": {"uv": [0, 0, 0, 0], "texture": "#1"},
				"down": {"uv": [0, 0, 0, 0], "texture": "#1"}
			}
		},
		{
			"from": [6.44, 6.309, 7.688],
			"to": [6.44, 9.507, 8.312],
			"rotation": {"angle": -22.5, "axis": "y", "origin": [8, 7.869, 8]},
			"faces": {
				"north": {"uv": [0, 0, 0, 0], "texture": "#1"},
				"south": {"uv": [0, 0, 0, 0], "texture": "#1"},
				"west": {"uv": [8, 1, 16, 1.25], "rotation": 270, "texture": "#1"},
				"up": {"uv": [0, 0, 0, 0], "texture": "#1"},
				"down": {"uv": [0, 0, 0, 0], "texture": "#1"}
			}
		},
		{
			"from": [7.8206, 1.4847, 9.053],
			"to": [8.2574, 8.2707, 9.053],
			"rotation": {"angle": 0, "axis": "y", "origin": [8.039, 3.0447, 7.961]},
			"faces": {
				"east": {"uv": [3, 1, 3, 1], "texture": "#1"},
				"south": {"uv": [8, 1, 16, 1.25], "rotation": 270, "texture": "#1"},
				"west": {"uv": [0, 0, 0, 0], "texture": "#1"},
				"up": {"uv": [0, 0, 0, 0], "texture": "#1"},
				"down": {"uv": [0, 0, 0, 0], "texture": "#1"}
			}
		},
		{
			"from": [6.947, 1.4847, 7.7426],
			"to": [6.947, 8.2707, 8.1794],
			"rotation": {"angle": 22.5, "axis": "y", "origin": [8.039, 3.0447, 7.961]},
			"faces": {
				"north": {"uv": [0, 0, 0, 0], "texture": "#1"},
				"south": {"uv": [0, 0, 0, 0], "texture": "#1"},
				"west": {"uv": [7, 0, 15, 0.25], "rotation": 270, "texture": "#1"},
				"up": {"uv": [0, 0, 0, 0], "texture": "#1"},
				"down": {"uv": [0, 0, 0, 0], "texture": "#1"}
			}
		},
		{
			"from": [6.947, 1.4847, 7.7426],
			"to": [6.947, 8.2707, 8.1794],
			"rotation": {"angle": 0, "axis": "y", "origin": [8.039, 3.0447, 7.961]},
			"faces": {
				"north": {"uv": [0, 0, 0, 0], "texture": "#1"},
				"south": {"uv": [0, 0, 0, 0], "texture": "#1"},
				"west": {"uv": [7, 0, 15, 0.25], "rotation": 270, "texture": "#1"},
				"up": {"uv": [0, 0, 0, 0], "texture": "#1"},
				"down": {"uv": [0, 0, 0, 0], "texture": "#1"}
			}
		},
		{
			"from": [7.8206, 1.4847, 6.869],
			"to": [8.2574, 8.2707, 6.869],
			"rotation": {"angle": -45, "axis": "y", "origin": [8.039, 3.0447, 7.961]},
			"faces": {
				"north": {"uv": [8, 1, 16, 1.25], "rotation": 270, "texture": "#1"},
				"east": {"uv": [8, 1, 8, 1], "texture": "#1"},
				"west": {"uv": [0, 0, 0, 0], "texture": "#1"},
				"up": {"uv": [0, 0, 0, 0], "texture": "#1"},
				"down": {"uv": [0, 0, 0, 0], "texture": "#1"}
			}
		},
		{
			"from": [9.131, 1.4847, 7.7426],
			"to": [9.131, 8.2707, 8.1794],
			"rotation": {"angle": -22.5, "axis": "y", "origin": [8.039, 3.0447, 7.961]},
			"faces": {
				"east": {"uv": [3, 1, 11, 1.25], "rotation": 270, "texture": "#1"},
				"south": {"uv": [0, 0, 0, 0], "texture": "#1"},
				"up": {"uv": [0, 0, 0, 0], "texture": "#1"},
				"down": {"uv": [0, 0, 0, 0], "texture": "#1"}
			}
		},
		{
			"from": [7.8206, 1.4847, 6.869],
			"to": [8.2574, 8.2707, 6.869],
			"rotation": {"angle": 22.5, "axis": "y", "origin": [8.039, 3.0447, 7.961]},
			"faces": {
				"north": {"uv": [8, 1, 16, 1.25], "rotation": 270, "texture": "#1"},
				"east": {"uv": [0, 0, 0, 0], "texture": "#1"},
				"west": {"uv": [0, 0, 0, 0], "texture": "#1"},
				"up": {"uv": [0, 0, 0, 0], "texture": "#1"},
				"down": {"uv": [0, 0, 0, 0], "texture": "#1"}
			}
		},
		{
			"from": [7.8206, 1.4847, 9.053],
			"to": [8.2574, 8.2707, 9.053],
			"rotation": {"angle": 22.5, "axis": "y", "origin": [8.039, 3.0447, 7.961]},
			"faces": {
				"east": {"uv": [3, 1, 3, 1], "texture": "#1"},
				"south": {"uv": [8, 1, 16, 1.25], "rotation": 270, "texture": "#1"},
				"west": {"uv": [0, 0, 0, 0], "texture": "#1"},
				"up": {"uv": [0, 0, 0, 0], "texture": "#1"},
				"down": {"uv": [0, 0, 0, 0], "texture": "#1"}
			}
		},
		{
			"from": [6.947, 1.4847, 7.7426],
			"to": [6.947, 8.2707, 8.1794],
			"rotation": {"angle": 45, "axis": "y", "origin": [8.039, 3.0447, 7.961]},
			"faces": {
				"north": {"uv": [0, 0, 0, 0], "texture": "#1"},
				"south": {"uv": [0, 0, 0, 0], "texture": "#1"},
				"west": {"uv": [7, 0, 15, 0.25], "rotation": 270, "texture": "#1"},
				"up": {"uv": [0, 0, 0, 0], "texture": "#1"},
				"down": {"uv": [0, 0, 0, 0], "texture": "#1"}
			}
		},
		{
			"from": [7.8206, 1.4847, 6.869],
			"to": [8.2574, 8.2707, 6.869],
			"rotation": {"angle": -22.5, "axis": "y", "origin": [8.039, 3.0447, 7.961]},
			"faces": {
				"north": {"uv": [8, 1, 16, 1.25], "rotation": 270, "texture": "#1"},
				"east": {"uv": [0, 0, 0, 0], "texture": "#1"},
				"west": {"uv": [0, 0, 0, 0], "texture": "#1"},
				"up": {"uv": [0, 0, 0, 0], "texture": "#1"},
				"down": {"uv": [0, 0, 0, 0], "texture": "#1"}
			}
		},
		{
			"from": [9.131, 1.4847, 7.7426],
			"to": [9.131, 8.2707, 8.1794],
			"rotation": {"angle": 0, "axis": "y", "origin": [8.039, 3.0447, 7.961]},
			"faces": {
				"north": {"uv": [0, 0, 0, 0], "texture": "#1"},
				"east": {"uv": [8, 1, 16, 1.25], "rotation": 270, "texture": "#1"},
				"south": {"uv": [0, 0, 0, 0], "texture": "#1"},
				"up": {"uv": [0, 0, 0, 0], "texture": "#1"},
				"down": {"uv": [0, 0, 0, 0], "texture": "#1"}
			}
		},
		{
			"from": [6.947, 1.4847, 7.7426],
			"to": [6.947, 8.2707, 8.1794],
			"rotation": {"angle": -45, "axis": "y", "origin": [8.039, 3.0447, 7.961]},
			"faces": {
				"north": {"uv": [8, 1, 8, 1], "texture": "#1"},
				"south": {"uv": [0, 0, 0, 0], "texture": "#1"},
				"west": {"uv": [7, 0, 15, 0.25], "rotation": 270, "texture": "#1"},
				"up": {"uv": [0, 0, 0, 0], "texture": "#1"},
				"down": {"uv": [0, 0, 0, 0], "texture": "#1"}
			}
		},
		{
			"from": [7.8206, 1.4847, 9.053],
			"to": [8.2574, 8.2707, 9.053],
			"rotation": {"angle": 45, "axis": "y", "origin": [8.039, 3.0447, 7.961]},
			"faces": {
				"east": {"uv": [3, 1, 3, 1], "texture": "#1"},
				"south": {"uv": [8, 1, 16, 1.25], "rotation": 270, "texture": "#1"},
				"west": {"uv": [0, 0, 0, 0], "texture": "#1"},
				"up": {"uv": [0, 0, 0, 0], "texture": "#1"},
				"down": {"uv": [0, 0, 0, 0], "texture": "#1"}
			}
		},
		{
			"from": [7.8206, 1.4847, 9.053],
			"to": [8.2574, 8.2707, 9.053],
			"rotation": {"angle": -22.5, "axis": "y", "origin": [8.039, 3.0447, 7.961]},
			"faces": {
				"east": {"uv": [3, 1, 3, 1], "texture": "#1"},
				"south": {"uv": [8, 1, 16, 1.25], "rotation": 270, "texture": "#1"},
				"west": {"uv": [0, 0, 0, 0], "texture": "#1"},
				"up": {"uv": [0, 0, 0, 0], "texture": "#1"},
				"down": {"uv": [0, 0, 0, 0], "texture": "#1"}
			}
		},
		{
			"from": [7.8206, 1.4847, 6.869],
			"to": [8.2574, 8.2707, 6.869],
			"rotation": {"angle": 0, "axis": "y", "origin": [8.039, 3.0447, 7.961]},
			"faces": {
				"north": {"uv": [8, 1, 16, 1.25], "rotation": 270, "texture": "#1"},
				"east": {"uv": [0, 0, 0, 0], "texture": "#1"},
				"west": {"uv": [0, 0, 0, 0], "texture": "#1"},
				"up": {"uv": [0, 0, 0, 0], "texture": "#1"},
				"down": {"uv": [0, 0, 0, 0], "texture": "#1"}
			}
		},
		{
			"from": [9.131, 1.4847, 7.7426],
			"to": [9.131, 8.2707, 8.1794],
			"rotation": {"angle": 22.5, "axis": "y", "origin": [8.039, 3.0447, 7.961]},
			"faces": {
				"north": {"uv": [0, 0, 0, 0], "texture": "#1"},
				"east": {"uv": [8, 1, 16, 1.25], "rotation": 270, "texture": "#1"},
				"south": {"uv": [0, 0, 0, 0], "texture": "#1"},
				"up": {"uv": [0, 0, 0, 0], "texture": "#1"},
				"down": {"uv": [0, 0, 0, 0], "texture": "#1"}
			}
		},
		{
			"from": [6.947, 1.4847, 7.7426],
			"to": [6.947, 8.2707, 8.1794],
			"rotation": {"angle": -22.5, "axis": "y", "origin": [8.039, 3.0447, 7.961]},
			"faces": {
				"north": {"uv": [8, 1, 8, 1], "texture": "#1"},
				"south": {"uv": [0, 0, 0, 0], "texture": "#1"},
				"west": {"uv": [7, 0, 15, 0.25], "rotation": 270, "texture": "#1"},
				"up": {"uv": [0, 0, 0, 0], "texture": "#1"},
				"down": {"uv": [0, 0, 0, 0], "texture": "#1"}
			}
		},
		{
			"from": [7.688, -0.009, 9.56],
			"to": [8.312, 1.629, 9.56],
			"rotation": {"angle": 0, "axis": "y", "origin": [8, -0.009, 8]},
			"faces": {
				"east": {"uv": [8, 1, 8, 1], "texture": "#1"},
				"south": {"uv": [8, 1, 16, 1.25], "rotation": 270, "texture": "#1"},
				"west": {"uv": [3, 1, 3, 1], "texture": "#1"},
				"up": {"uv": [0, 0, 0, 0], "texture": "#1"},
				"down": {"uv": [0, 0, 0, 0], "texture": "#1"}
			}
		},
		{
			"from": [6.44, -0.009, 7.688],
			"to": [6.44, 1.629, 8.312],
			"rotation": {"angle": 22.5, "axis": "y", "origin": [8, -0.009, 8]},
			"faces": {
				"north": {"uv": [0, 0, 0, 0], "texture": "#1"},
				"south": {"uv": [0, 0, 0, 0], "texture": "#1"},
				"west": {"uv": [3, 1, 11, 1.25], "rotation": 270, "texture": "#1"},
				"up": {"uv": [0, 0, 0, 0], "texture": "#1"},
				"down": {"uv": [0, 0, 0, 0], "texture": "#1"}
			}
		},
		{
			"from": [6.44, -0.009, 7.688],
			"to": [6.44, 1.629, 8.312],
			"rotation": {"angle": 0, "axis": "y", "origin": [8, -0.009, 8]},
			"faces": {
				"north": {"uv": [0, 0, 0, 0], "texture": "#1"},
				"south": {"uv": [0, 0, 0, 0], "texture": "#1"},
				"west": {"uv": [3, 1, 11, 1.25], "rotation": 270, "texture": "#1"},
				"up": {"uv": [0, 0, 0, 0], "texture": "#1"},
				"down": {"uv": [0, 0, 0, 0], "texture": "#1"}
			}
		},
		{
			"from": [7.688, -0.009, 6.44],
			"to": [8.312, 1.629, 6.44],
			"rotation": {"angle": -45, "axis": "y", "origin": [8, -0.009, 8]},
			"faces": {
				"north": {"uv": [2, 1, 10, 1.25], "rotation": 270, "texture": "#1"},
				"east": {"uv": [8, 1, 8, 1], "texture": "#1"},
				"west": {"uv": [0, 0, 0, 0], "texture": "#1"},
				"up": {"uv": [0, 0, 0, 0], "texture": "#1"},
				"down": {"uv": [0, 0, 0, 0], "texture": "#1"}
			}
		},
		{
			"from": [9.56, -0.009, 7.688],
			"to": [9.56, 1.629, 8.312],
			"rotation": {"angle": -22.5, "axis": "y", "origin": [8, -0.009, 8]},
			"faces": {
				"east": {"uv": [8, 1, 16, 1.25], "rotation": 270, "texture": "#1"},
				"south": {"uv": [0, 0, 0, 0], "texture": "#1"},
				"up": {"uv": [0, 0, 0, 0], "texture": "#1"},
				"down": {"uv": [0, 0, 0, 0], "texture": "#1"}
			}
		},
		{
			"from": [7.688, -0.009, 6.44],
			"to": [8.312, 1.629, 6.44],
			"rotation": {"angle": 22.5, "axis": "y", "origin": [8, -0.009, 8]},
			"faces": {
				"north": {"uv": [2, 1, 10, 1.25], "rotation": 270, "texture": "#1"},
				"east": {"uv": [8, 1, 8, 1], "texture": "#1"},
				"west": {"uv": [0, 0, 0, 0], "texture": "#1"},
				"up": {"uv": [0, 0, 0, 0], "texture": "#1"},
				"down": {"uv": [0, 0, 0, 0], "texture": "#1"}
			}
		},
		{
			"from": [7.688, -0.009, 9.56],
			"to": [8.312, 1.629, 9.56],
			"rotation": {"angle": 22.5, "axis": "y", "origin": [8, -0.009, 8]},
			"faces": {
				"east": {"uv": [8, 1, 8, 1], "texture": "#1"},
				"south": {"uv": [8, 1, 16, 1.25], "rotation": 270, "texture": "#1"},
				"west": {"uv": [3, 1, 3, 1], "texture": "#1"},
				"up": {"uv": [0, 0, 0, 0], "texture": "#1"},
				"down": {"uv": [0, 0, 0, 0], "texture": "#1"}
			}
		},
		{
			"from": [6.44, -0.009, 7.688],
			"to": [6.44, 1.629, 8.312],
			"rotation": {"angle": 45, "axis": "y", "origin": [8, -0.009, 8]},
			"faces": {
				"north": {"uv": [0, 0, 0, 0], "texture": "#1"},
				"south": {"uv": [0, 0, 0, 0], "texture": "#1"},
				"west": {"uv": [3, 1, 11, 1.25], "rotation": 270, "texture": "#1"},
				"up": {"uv": [0, 0, 0, 0], "texture": "#1"},
				"down": {"uv": [0, 0, 0, 0], "texture": "#1"}
			}
		},
		{
			"from": [7.688, -0.009, 6.44],
			"to": [8.312, 1.629, 6.44],
			"rotation": {"angle": -22.5, "axis": "y", "origin": [8, -0.009, 8]},
			"faces": {
				"north": {"uv": [2, 1, 10, 1.25], "rotation": 270, "texture": "#1"},
				"east": {"uv": [8, 1, 8, 1], "texture": "#1"},
				"west": {"uv": [0, 0, 0, 0], "texture": "#1"},
				"up": {"uv": [0, 0, 0, 0], "texture": "#1"},
				"down": {"uv": [0, 0, 0, 0], "texture": "#1"}
			}
		},
		{
			"from": [9.56, -0.009, 7.688],
			"to": [9.56, 1.629, 8.312],
			"rotation": {"angle": 0, "axis": "y", "origin": [8, -0.009, 8]},
			"faces": {
				"north": {"uv": [0, 0, 0, 0], "texture": "#1"},
				"east": {"uv": [8, 1, 16, 1.25], "rotation": 270, "texture": "#1"},
				"south": {"uv": [0, 0, 0, 0], "texture": "#1"},
				"up": {"uv": [0, 0, 0, 0], "texture": "#1"},
				"down": {"uv": [0, 0, 0, 0], "texture": "#1"}
			}
		},
		{
			"from": [6.44, -0.009, 7.688],
			"to": [6.44, 1.629, 8.312],
			"rotation": {"angle": -45, "axis": "y", "origin": [8, -0.009, 8]},
			"faces": {
				"north": {"uv": [2, 1, 2, 1], "texture": "#1"},
				"south": {"uv": [0, 0, 0, 0], "texture": "#1"},
				"west": {"uv": [8, 1, 16, 1.25], "rotation": 270, "texture": "#1"},
				"up": {"uv": [0, 0, 0, 0], "texture": "#1"},
				"down": {"uv": [0, 0, 0, 0], "texture": "#1"}
			}
		},
		{
			"from": [7.688, -0.009, 9.56],
			"to": [8.312, 1.629, 9.56],
			"rotation": {"angle": 45, "axis": "y", "origin": [8, -0.009, 8]},
			"faces": {
				"east": {"uv": [8, 1, 8, 1], "texture": "#1"},
				"south": {"uv": [8, 1, 16, 1.25], "rotation": 270, "texture": "#1"},
				"west": {"uv": [3, 1, 3, 1], "texture": "#1"},
				"up": {"uv": [0, 0, 0, 0], "texture": "#1"},
				"down": {"uv": [0, 0, 0, 0], "texture": "#1"}
			}
		},
		{
			"from": [7.688, -0.009, 9.56],
			"to": [8.312, 1.629, 9.56],
			"rotation": {"angle": -22.5, "axis": "y", "origin": [8, -0.009, 8]},
			"faces": {
				"east": {"uv": [8, 1, 8, 1], "texture": "#1"},
				"south": {"uv": [8, 1, 16, 1.25], "rotation": 270, "texture": "#1"},
				"west": {"uv": [3, 1, 3, 1], "texture": "#1"},
				"up": {"uv": [0, 0, 0, 0], "texture": "#1"},
				"down": {"uv": [0, 0, 0, 0], "texture": "#1"}
			}
		},
		{
			"from": [7.688, -0.009, 6.44],
			"to": [8.312, 1.629, 6.44],
			"rotation": {"angle": 0, "axis": "y", "origin": [8, -0.009, 8]},
			"faces": {
				"north": {"uv": [2, 1, 10, 1.25], "rotation": 270, "texture": "#1"},
				"east": {"uv": [8, 1, 8, 1], "texture": "#1"},
				"west": {"uv": [0, 0, 0, 0], "texture": "#1"},
				"up": {"uv": [0, 0, 0, 0], "texture": "#1"},
				"down": {"uv": [0, 0, 0, 0], "texture": "#1"}
			}
		},
		{
			"from": [9.56, -0.009, 7.688],
			"to": [9.56, 1.629, 8.312],
			"rotation": {"angle": 22.5, "axis": "y", "origin": [8, -0.009, 8]},
			"faces": {
				"north": {"uv": [0, 0, 0, 0], "texture": "#1"},
				"east": {"uv": [8, 1, 16, 1.25], "rotation": 270, "texture": "#1"},
				"south": {"uv": [0, 0, 0, 0], "texture": "#1"},
				"up": {"uv": [0, 0, 0, 0], "texture": "#1"},
				"down": {"uv": [0, 0, 0, 0], "texture": "#1"}
			}
		},
		{
			"from": [6.44, -0.009, 7.688],
			"to": [6.44, 1.629, 8.312],
			"rotation": {"angle": -22.5, "axis": "y", "origin": [8, -0.009, 8]},
			"faces": {
				"north": {"uv": [2, 1, 2, 1], "texture": "#1"},
				"south": {"uv": [0, 0, 0, 0], "texture": "#1"},
				"west": {"uv": [8, 1, 16, 1.25], "rotation": 270, "texture": "#1"},
				"up": {"uv": [0, 0, 0, 0], "texture": "#1"},
				"down": {"uv": [0, 0, 0, 0], "texture": "#1"}
			}
		}
	],
	"display": {
		"thirdperson_righthand": {
			"rotation": [0.75, 96, 0],
			"translation": [-6.25, 3.5, -5.5],
			"scale": [0.8, 0.8, 0.8]
		},
		"thirdperson_lefthand": {
			"rotation": [0, -168, 0],
			"translation": [7.75, 3, 5.75],
			"scale": [0.8, 0.8, 0.8]
		},
		"firstperson_righthand": {
			"rotation": [3, 13, 14],
			"translation": [5.75, 4, -18.5],
			"scale": [0.97, 1, 0.74]
		},
		"firstperson_lefthand": {
			"rotation": [-10, -106, -15],
			"translation": [22.75, 1, -15.25],
			"scale": [0.77, 1, 0.94]
		},
		"ground": {
			"translation": [5, 3.75, -5],
			"scale": [0.6, 0.6, 0.6]
		},
		"gui": {
			"rotation": [21, 8, 0],
			"translation": [0.75, 4.5, 0],
			"scale": [0.74, 0.74, 0.74]
		},
		"head": {
			"rotation": [0, -103.75, 0],
			"translation": [9.25, 14.5, 8]
		},
		"fixed": {
			"rotation": [0, 177.25, 0],
			"translation": [-3, 1, 5.25],
			"scale": [0.8, 0.8, 0.8]
		}
	},
	"groups": [
		{
			"name": "group",
			"origin": [8, 8, 8],
			"children": [0, 1, 2, 3,
				{
					"name": "cylinder",
					"origin": [16, 0, 0],
					"children": [4, 5, 6, 7, 8, 9, 10, 11, 12, 13, 14, 15, 16, 17, 18, 19]
				},
				{
					"name": "cylinder",
					"origin": [16, 0, 0],
					"children": [20, 21, 22, 23, 24, 25, 26, 27, 28, 29, 30, 31, 32, 33, 34, 35]
				},
				{
					"name": "cylinder",
					"origin": [16, 0, 0],
					"children": [36, 37, 38, 39, 40, 41, 42, 43, 44, 45, 46, 47, 48, 49, 50, 51]
				},
				{
					"name": "cylinder",
					"origin": [16, 0, 0],
					"children": [52, 53, 54, 55, 56, 57, 58, 59, 60, 61, 62, 63, 64, 65, 66, 67]
				},
				{
					"name": "cylinder",
					"origin": [16, 0, 0],
					"children": [68, 69, 70, 71, 72, 73, 74, 75, 76, 77, 78, 79, 80, 81, 82, 83]
				}
			]
		}
	]
}