{
	"credit": "Made with Blockbench",
	"ambientocclusion": false,

	"textures": {
		"1": "block/poppy",
		"2": "block/poppy_bottom",
		"particle": "block/poppy"
	},
	"elements": [
		{
			"from": [0.8, 1.5, 0.8],
			"to": [15.2, 1.5, 15.2],
			"rotation": {"angle": 0, "axis": "y", "origin": [10.4, 9.9, 8]},
			"faces": {
				"up": {"uv": [0, 0, 16, 16], "texture": "#2"},
				"down": {"uv": [0, 0, 16, 16], "texture": "#2"}
			}
		},
		{
			"from": [0.8, 0.9, 0.8],
			"to": [15.2, 0.9, 15.2],
			"rotation": {"angle": 0, "axis": "y", "origin": [10.4, 9.3, 8]},
			"faces": {
				"up": {"uv": [0, 0, 16, 16], "texture": "#2"},
				"down": {"uv": [0, 0, 16, 16], "texture": "#2"}
			}
		},
		{
			"from": [0.8, 0.3, 0.8],
			"to": [15.2, 0.3, 15.2],
			"rotation": {"angle": 0, "axis": "y", "origin": [10.4, 8.7, 8]},
			"faces": {
				"up": {"uv": [0, 0, 16, 16], "texture": "#2"},
				"down": {"uv": [0, 0, 16, 16], "texture": "#2"}
			}
		},
		{
			"from": [0.8, 2.1, 0.8],
			"to": [15.2, 2.1, 15.2],
			"rotation": {"angle": 0, "axis": "y", "origin": [10.4, 10.5, 8]},
			"faces": {
				"up": {"uv": [0, 0, 16, 16], "texture": "#2"},
				"down": {"uv": [0, 0, 16, 16], "texture": "#2"}
			}
		},
		{
			"from": [0.8, 2.7, 0.8],
			"to": [15.2, 2.7, 15.2],
			"rotation": {"angle": 0, "axis": "y", "origin": [10.4, 11.1, 8]},
			"faces": {
				"up": {"uv": [0, 0, 16, 16], "texture": "#2"},
				"down": {"uv": [0, 0, 16, 16], "texture": "#2"}
			}
		},
		{
			"from": [-1.6, 4.5, -1.6],
			"to": [17.6, 4.5, 17.6],
			"rotation": {"angle": 0, "axis": "y", "origin": [10.4, 12.9, 8]},
			"faces": {
				"up": {"uv": [0, 0, 16, 16], "texture": "#2"},
				"down": {"uv": [0, 0, 16, 16], "texture": "#2"}
			}
		},
		{
			"from": [-1.6, 3.9, -1.6],
			"to": [17.6, 3.9, 17.6],
			"rotation": {"angle": 0, "axis": "y", "origin": [10.4, 12.3, 8]},
			"faces": {
				"up": {"uv": [0, 0, 16, 16], "texture": "#2"},
				"down": {"uv": [0, 0, 16, 16], "texture": "#2"}
			}
		},
		{
			"from": [-1.6, 3.3, -1.6],
			"to": [17.6, 3.3, 17.6],
			"rotation": {"angle": 0, "axis": "y", "origin": [10.4, 11.7, 8]},
			"faces": {
				"up": {"uv": [0, 0, 16, 16], "texture": "#2"},
				"down": {"uv": [0, 0, 16, 16], "texture": "#2"}
			}
		},
		{
			"from": [-0.4, 6, -0.4],
			"to": [16.4, 6, 16.4],
			"rotation": {"angle": 0, "axis": "y", "origin": [14, 14.4, 5.6]},
			"faces": {
				"up": {"uv": [0, 0, 16, 16], "texture": "#1"},
				"down": {"uv": [0, 0, 16, 16], "texture": "#1"}
			}
		},
		{
			"from": [-0.4, 6.6, -0.4],
			"to": [16.4, 6.6, 16.4],
			"rotation": {"angle": 0, "axis": "y", "origin": [14, 15, 5.6]},
			"faces": {
				"up": {"uv": [0, 0, 16, 16], "texture": "#1"},
				"down": {"uv": [0, 0, 16, 16], "texture": "#1"}
			}
		},
		{
			"from": [-0.4, 5.4, -0.4],
			"to": [16.4, 5.4, 16.4],
			"rotation": {"angle": 0, "axis": "y", "origin": [14, 13.8, 5.6]},
			"faces": {
				"up": {"uv": [0, 0, 16, 16], "texture": "#1"},
				"down": {"uv": [0, 0, 16, 16], "texture": "#1"}
			}
		},
		{
			"from": [-0.4, 5.7, -0.4],
			"to": [16.4, 5.7, 16.4],
			"rotation": {"angle": 0, "axis": "y", "origin": [14, 14.1, 5.6]},
			"faces": {
				"up": {"uv": [0, 0, 16, 16], "texture": "#1"},
				"down": {"uv": [0, 0, 16, 16], "texture": "#1"}
			}
		},
		{
			"from": [-0.4, 6.3, -0.4],
			"to": [16.4, 6.3, 16.4],
			"rotation": {"angle": 0, "axis": "y", "origin": [14, 14.7, 5.6]},
			"faces": {
				"up": {"uv": [0, 0, 16, 16], "texture": "#1"},
				"down": {"uv": [0, 0, 16, 16], "texture": "#1"}
			}
		},
		{
			"from": [-0.4, 5.1, -0.4],
			"to": [16.4, 5.1, 16.4],
			"rotation": {"angle": 0, "axis": "y", "origin": [14, 13.5, 5.6]},
			"faces": {
				"up": {"uv": [0, 0, 16, 16], "texture": "#1"},
				"down": {"uv": [0, 0, 16, 16], "texture": "#1"}
			}
		}
	]
}