{
  "parent": "minecraft:nether/loot_bastion",
  "criteria": {
    "ancient_debris": {
      "conditions": {
        "items": [
          {
            "items": [
              "minecraft:ancient_debris"
            ]
          }
        ]
      },
      "trigger": "minecraft:inventory_changed"
    }
  },
  "display": {
    "description": {
      "translate": "Obtain Ancient Debris from a Bastion or by defeating the Wither."
    },
    "icon": {
      "id": "minecraft:ancient_debris"
    },
    "title": {
      "translate": "advancements.nether.obtain_ancient_debris.title"
    }
  },
  "requirements": [
    [
      "ancient_debris"
    ]
  ],
  "sends_telemetry_event": true
}