{
    "display":
    {
        "icon": {"id": "minecraft:prismarine_bricks"},
        "title": {"translate":"Monument"},
        "description": {"translate":"Find an Ocean Monument."}
    },
    "parent": "skyblock:ocean/root",	
    "criteria": {
        "requirement": {
          "trigger": "minecraft:location",
          "conditions": {
            "player": [
              {
                "condition": "minecraft:location_check",
                "predicate": {
                  "structures": "minecraft:monument"
                }
              }
            ]
          }
        }
      }
}
