{
    "display":
    {
        "icon": {"id": "minecraft:honey_block"},
        "title": {"translate": "Stickier than Slime?"},
        "description": {"translate": "Get a stack of Honey blocks."},
	 "frame": "challenge"
    },
    "parent": "skyblock:farmer/root",
    "criteria":
    {
        "honey_blocks":
        {
	    "trigger": "minecraft:inventory_changed",
            "conditions" : {
                "items": [
                    {
                        "items": [
                            "minecraft:honey_block"
                        ],
                        "count": 64
                    }
                ]
            }
        }
    }
}
