{
    "display":
    {
        "icon": {"id": "minecraft:pumpkin"},
        "title": {"translate": "Pumpkin Farmer"},
        "description": {"translate": "Harvest 64 Pumpkins."}
    },
    "parent": "skyblock:farmer/seedy_place",
    "criteria":
    {
        "pumpkin":
        {
	        "trigger": "minecraft:inventory_changed",
            "conditions" : {
                "items": [
                    {
                        "items": [
                            "minecraft:pumpkin"
                        ],
                        "count": 64
                    }
                ]
            }
        }
    }
}
