{
    "display":
    {
        "icon": {"id": "minecraft:sugar_cane"},
        "title": {"translate": "Need a Cane?"},
        "description": {"translate": "Farm a stack of Sugar Cane."}
    },
    "parent": "skyblock:farmer/root",
    "criteria":
    {
        "sugar_cane":
        {
	    "trigger": "minecraft:inventory_changed",
            "conditions" : {
                "items": [
                    {
                        "items": [
                            "minecraft:sugar_cane"
                        ],
                        "count": 64
                    }
                ]
            }
        }
    }
}
