{
	"credit": "Made with Blockbench",
	"ambientocclusion": false,
	"textures": {
		"1": "block/green_leaves_overlay",
		"particle": "block/green_leaves_overlay"
	},
	"elements": [
		{
			"name": "top overlay",
			"from": [4, 5.2772, 4],
			"to": [12, 5.2772, 12],
			"rotation": {"angle": 0, "axis": "y", "origin": [12, 29.696, 13]},
			"faces": {
				"up": {"uv": [0, 0, 8, 8], "texture": "#1", "cullface": "up"}
			}
		},
		{
			"name": "top overlay",
			"from": [4, 5.022, 4],
			"to": [12, 5.022, 12],
			"rotation": {"angle": 0, "axis": "y", "origin": [12, 29.696, 13]},
			"faces": {
				"up": {"uv": [0, 0, 8, 8], "texture": "#1", "cullface": "up"}
			}
		},
		{
			"name": "top overlay",
			"from": [4, 4.7668, 4],
			"to": [12, 4.7668, 12],
			"rotation": {"angle": 0, "axis": "y", "origin": [12, 29.696, 13]},
			"faces": {
				"up": {"uv": [0, 0, 8, 8], "texture": "#1", "cullface": "up"}
			}
		},
		{
			"name": "top overlay",
			"from": [4, 4.5116, 4],
			"to": [12, 4.5116, 12],
			"rotation": {"angle": 0, "axis": "y", "origin": [12, 28.42, 13]},
			"faces": {
				"up": {"uv": [0, 0, 8, 8], "texture": "#1", "cullface": "up"}
			}
		},
		{
			"name": "top overlay",
			"from": [1.28, 4.1425, 1.28],
			"to": [14.72, 4.1425, 14.72],
			"rotation": {"angle": 0, "axis": "y", "origin": [14.72, 25.6, 16.4]},
			"faces": {
				"up": {"uv": [0, 0, 8, 8], "texture": "#1", "cullface": "up"}
			}
		},
		{
			"name": "top overlay",
			"from": [1.28, 3.7125, 1.28],
			"to": [14.72, 3.7125, 14.72],
			"rotation": {"angle": 0, "axis": "y", "origin": [14.72, 25.6, 16.4]},
			"faces": {
				"up": {"uv": [0, 0, 8, 8], "texture": "#1", "cullface": "up"}
			}
		},
		{
			"name": "top overlay",
			"from": [1.952, 2.536, 1.952],
			"to": [14.048, 2.536, 14.048],
			"rotation": {"angle": 0, "axis": "y", "origin": [14.048, 28.672, 15.56]},
			"faces": {
				"up": {"uv": [0, 0, 8, 8], "texture": "#1", "cullface": "up"}
			}
		},
		{
			"name": "top overlay",
			"from": [1.952, 2.9056, 1.952],
			"to": [14.048, 2.9056, 14.048],
			"rotation": {"angle": 0, "axis": "y", "origin": [14.048, 28.672, 15.56]},
			"faces": {
				"up": {"uv": [0, 0, 8, 8], "texture": "#1", "cullface": "up"}
			}
		},
		{
			"name": "top overlay",
			"from": [1.952, 3.3306, 1.952],
			"to": [14.048, 3.3306, 14.048],
			"rotation": {"angle": 0, "axis": "y", "origin": [14.048, 28.672, 15.56]},
			"faces": {
				"up": {"uv": [0, 0, 8, 8], "texture": "#1", "cullface": "up"}
			}
		},
		{
			"name": "top overlay",
			"from": [1.952, 2.1664, 1.952],
			"to": [14.048, 2.1664, 14.048],
			"rotation": {"angle": 0, "axis": "y", "origin": [14.048, 27.44, 15.56]},
			"faces": {
				"up": {"uv": [0, 0, 8, 8], "texture": "#1", "cullface": "up"}
			}
		}
	],
	"display": {
		"thirdperson_righthand": {
			"scale": [0.5, 0.5, 0.5]
		},
		"thirdperson_lefthand": {
			"scale": [0.5, 0.5, 0.5]
		},
		"firstperson_righthand": {
			"rotation": [5, 45, 0],
			"scale": [0.5, 0.5, 0.5]
		},
		"firstperson_lefthand": {
			"rotation": [5, 45, 0],
			"scale": [0.5, 0.5, 0.5]
		},
		"ground": {
			"translation": [0, 4, 0],
			"scale": [0.4, 0.4, 0.4]
		},
		"gui": {
			"rotation": [20, 45, 0],
			"scale": [0.54, 0.54, 0.54]
		}
	},
	"groups": [
		{
			"name": "template_leaves",
			"origin": [8, 8, 8],
			"children": [0, 1, 2, 3, 4, 5, 6, 7, 8, 9]
		}
	]
}