{
	"credit": "Made with Blockbench",
	"textures": {
		"1": "block/gold_ore_block_top",
		"2": "block/gold_ore_block_side2",
		"3": "block/gold_block_bottom",
		"4": "block/hay_block_side",
		"particle": "block/gold_block_bottom"
	},
	"elements": [
		{
			"from": [6.35, 0, 0],
			"to": [16, 16, 16],
			"faces": {
				"north": {"uv": [0, 0.03, 16, 3.18625], "rotation": 90, "texture": "#2", "cullface": "north"},
				"east": {"uv": [0, 0, 16, 16], "rotation": 270, "texture": "#3", "cullface": "east"},
				"south": {"uv": [0, 0.03, 16, 3.18], "rotation": 270, "texture": "#2", "cullface": "south"},
				"west": {"uv": [0, 0, 8, 16], "rotation": 270, "texture": "#1", "cullface": "up"},
				"up": {"uv": [0, 0.03, 16, 3.18625], "rotation": 270, "texture": "#2", "cullface": "up"},
				"down": {"uv": [0, 0.03, 16, 3.18], "rotation": 270, "texture": "#2", "cullface": "down"}
			}
		},
		{
			"from": [0, 0, 0],
			"to": [3.175, 16, 16],
			"faces": {
				"north": {"uv": [0, 0, 16, 3.15625], "rotation": 90, "texture": "#2", "cullface": "north", "tintindex": 0},
				"south": {"uv": [0, 0, 16, 3.15625], "rotation": 270, "texture": "#2", "cullface": "south"},
				"west": {"uv": [0, 0, 8, 16], "rotation": 270, "texture": "#1", "cullface": "west"},
				"up": {"uv": [0, 0, 16, 3.15625], "rotation": 270, "texture": "#2", "cullface": "up"},
				"down": {"uv": [0, 0, 16, 3.1563], "rotation": 270, "texture": "#2", "cullface": "down"}
			}
		},
		{
			"from": [3.175, 0, 0],
			"to": [6.35, 16, 16],
			"faces": {
				"north": {"uv": [0, 0, 16, 3.15625], "rotation": 90, "texture": "#2", "cullface": "north"},
				"south": {"uv": [0, 0, 16, 3.15625], "rotation": 270, "texture": "#2", "cullface": "south"},
				"west": {"uv": [0, 0, 8, 16], "rotation": 270, "texture": "#1", "cullface": "up"},
				"up": {"uv": [0, 0, 16, 3.15625], "rotation": 270, "texture": "#2", "cullface": "up"},
				"down": {"uv": [0, 0, 16, 3.10937], "rotation": 270, "texture": "#2", "cullface": "down"}
			}
		},
		{
			"from": [0.5, -0.05, 0.5],
			"to": [15.5, -0.05, 15.5],
			"faces": {
				"down": {"uv": [0, 0, 16, 16], "rotation": 270, "texture": "#4", "cullface": "down"}
			}
		},
		{
			"from": [0.5, 0.5, -0.05],
			"to": [15.5, 15.5, -0.05],
			"faces": {
				"north": {"uv": [0, 0, 16, 16], "rotation": 90, "texture": "#4", "cullface": "north"}
			}
		},
		{
			"from": [0.5, 16.05, 0.5],
			"to": [15.5, 16.05, 15.5],
			"faces": {
				"up": {"uv": [0, 0, 16, 16], "rotation": 270, "texture": "#4", "cullface": "up"}
			}
		},
		{
			"from": [0.5, 0.5, 16.05],
			"to": [15.5, 15.5, 16.05],
			"faces": {
				"south": {"uv": [0, 0, 16, 16], "rotation": 270, "texture": "#4", "cullface": "south"}
			}
		}
	],
	"display": {
		"thirdperson_righthand": {
			"scale": [0.5, 0.5, 0.5]
		},
		"thirdperson_lefthand": {
			"scale": [0.5, 0.5, 0.5]
		},
		"firstperson_righthand": {
			"rotation": [5, 45, 0],
			"scale": [0.5, 0.5, 0.5]
		},
		"firstperson_lefthand": {
			"rotation": [5, 45, 0],
			"scale": [0.5, 0.5, 0.5]
		},
		"ground": {
			"translation": [0, 4, 0],
			"scale": [0.4, 0.4, 0.4]
		},
		"gui": {
			"rotation": [20, 45, 0],
			"scale": [0.54, 0.54, 0.54]
		}
	}
}