{
	"credit": "Made with Blockbench",
	"ambientocclusion": false,
	"textures": {
		"0": "block/oak_overlay",
		"2": "block/oak_leaves_block_bottom",
		"4": "block/oak_planks",
		"particle": "block/oak_overlay"
	},
	"elements": [
		{
			"from": [0, 0, 8],
			"to": [16, 3.175, 16],
			"faces": {
				"north": {"uv": [0, 0, 16, 3.15625], "texture": "#4"},
				"east": {"uv": [0, 0, 16, 3.15625], "texture": "#4"},
				"south": {"uv": [0, 0, 16, 3.15625], "texture": "#4"},
				"west": {"uv": [0, 0, 16, 3.15625], "texture": "#4"},
				"up": {"uv": [0.04688, 0.04688, 16, 16], "texture": "#4"},
				"down": {"uv": [0, 0, 8, 16], "rotation": 90, "texture": "#2", "cullface": "down"}
			}
		},
		{
			"name": "top overlay",
			"from": [0, 4.6, 8],
			"to": [16, 4.6, 16],
			"rotation": {"angle": 0, "axis": "y", "origin": [12, 24, 13]},
			"faces": {
				"up": {"uv": [0, 0, 8, 16], "rotation": 270, "texture": "#0"},
				"down": {"uv": [0, 0, 8, 16], "rotation": 90, "texture": "#0"}
			}
		},
		{
			"name": "top overlay",
			"from": [0, 4.4, 8],
			"to": [16, 4.4, 16],
			"rotation": {"angle": 0, "axis": "y", "origin": [12, 24, 13]},
			"faces": {
				"up": {"uv": [0, 0, 8, 16], "rotation": 270, "texture": "#0"},
				"down": {"uv": [0, 0, 8, 16], "rotation": 90, "texture": "#0"}
			}
		},
		{
			"name": "top overlay",
			"from": [0, 4.2, 8],
			"to": [16, 4.2, 16],
			"rotation": {"angle": 0, "axis": "y", "origin": [12, 24, 13]},
			"faces": {
				"up": {"uv": [0, 0, 8, 16], "rotation": 270, "texture": "#0"},
				"down": {"uv": [0, 0, 8, 16], "rotation": 90, "texture": "#0"}
			}
		},
		{
			"name": "top overlay",
			"from": [0, 4, 8],
			"to": [16, 4, 16],
			"rotation": {"angle": 0, "axis": "y", "origin": [12, 24, 13]},
			"faces": {
				"up": {"uv": [0, 0, 8, 16], "rotation": 270, "texture": "#0"},
				"down": {"uv": [0, 0, 8, 16], "rotation": 90, "texture": "#0"}
			}
		},
		{
			"name": "top overlay",
			"from": [0, 3.8, 8],
			"to": [16, 3.8, 16],
			"rotation": {"angle": 0, "axis": "y", "origin": [12, 23, 13]},
			"faces": {
				"up": {"uv": [0, 0, 8, 16], "rotation": 270, "texture": "#0"},
				"down": {"uv": [0, 0, 8, 16], "rotation": 90, "texture": "#0"}
			}
		},
		{
			"name": "top overlay",
			"from": [0, 3.6, 8],
			"to": [16, 3.6, 16],
			"rotation": {"angle": 0, "axis": "y", "origin": [12, 23, 13]},
			"faces": {
				"up": {"uv": [0, 0, 8, 16], "rotation": 270, "texture": "#0"},
				"down": {"uv": [0, 0, 8, 16], "rotation": 90, "texture": "#0"}
			}
		},
		{
			"name": "top overlay",
			"from": [0, 3.4, 8],
			"to": [16, 3.4, 16],
			"rotation": {"angle": 0, "axis": "y", "origin": [12, 23, 13]},
			"faces": {
				"up": {"uv": [0, 0, 8, 16], "rotation": 270, "texture": "#0"},
				"down": {"uv": [0, 0, 8, 16], "rotation": 90, "texture": "#0"}
			}
		}
	],
	"display": {
		"thirdperson_righthand": {
			"translation": [0.25, 3.25, 0],
			"scale": [0.5, 0.5, 0.5]
		},
		"thirdperson_lefthand": {
			"scale": [0.5, 0.5, 0.5]
		},
		"firstperson_righthand": {
			"rotation": [5, 45, 0],
			"translation": [0, 5, 0],
			"scale": [0.5, 0.5, 0.5]
		},
		"firstperson_lefthand": {
			"rotation": [5, 45, 0],
			"translation": [0, 5, 0],
			"scale": [0.5, 0.5, 0.5]
		},
		"ground": {
			"translation": [0, 4, 0],
			"scale": [0.4, 0.4, 0.4]
		},
		"gui": {
			"rotation": [20, 45, 0],
			"scale": [0.54, 0.54, 0.54]
		}
	},
	"groups": [
		{
			"name": "template_fence_gate",
			"origin": [8, 8, 8],
			"color": 0,
			"children": [0]
		},
		{
			"name": "template0",
			"origin": [8, 8, 8],
			"color": 0,
			"children": [1, 2, 3, 4, 5, 6, 7]
		}
	]
}