{
	"credit": "Made with Blockbench",
	"textures": {
		"0": "block/green_leaves_overlay",
		"1": "block/green_leaves_block_top",
		"2": "block/oak_leaves_block_side3",
		"3": "block/lily_pad",
		"particle": "block/green_leaves_overlay"
	},
	"elements": [
		{
			"name": "top overlay",
			"from": [0, 4.575, 0],
			"to": [16, 4.575, 16],
			"rotation": {"angle": 0, "axis": "y", "origin": [12, 24, 13]},
			"faces": {
				"up": {"uv": [0, 0, 16, 16], "texture": "#0"},
				"down": {"uv": [0, 0, 16, 16], "texture": "#0"}
			}
		},
		{
			"name": "top overlay",
			"from": [0, 4.375, 0],
			"to": [16, 4.375, 16],
			"rotation": {"angle": 0, "axis": "y", "origin": [12, 24, 13]},
			"faces": {
				"up": {"uv": [0, 0, 16, 16], "texture": "#0"},
				"down": {"uv": [0, 0, 16, 16], "texture": "#0"}
			}
		},
		{
			"name": "top overlay",
			"from": [0, 4.175, 0],
			"to": [16, 4.175, 16],
			"rotation": {"angle": 0, "axis": "y", "origin": [12, 24, 13]},
			"faces": {
				"up": {"uv": [0, 0, 16, 16], "texture": "#0"},
				"down": {"uv": [0, 0, 16, 16], "texture": "#0"}
			}
		},
		{
			"name": "top overlay",
			"from": [0, 3.975, 0],
			"to": [16, 3.975, 16],
			"rotation": {"angle": 0, "axis": "y", "origin": [12, 24, 13]},
			"faces": {
				"up": {"uv": [0, 0, 16, 16], "texture": "#0"},
				"down": {"uv": [0, 0, 16, 16], "texture": "#0"}
			}
		},
		{
			"name": "top overlay",
			"from": [0, 3.775, 0],
			"to": [16, 3.775, 16],
			"rotation": {"angle": 0, "axis": "y", "origin": [12, 23, 13]},
			"faces": {
				"up": {"uv": [0, 0, 16, 16], "texture": "#0"},
				"down": {"uv": [0, 0, 16, 16], "texture": "#0"}
			}
		},
		{
			"name": "top overlay",
			"from": [0, 3.575, 0],
			"to": [16, 3.575, 16],
			"rotation": {"angle": 0, "axis": "y", "origin": [12, 23, 13]},
			"faces": {
				"up": {"uv": [0, 0, 16, 16], "texture": "#0"},
				"down": {"uv": [0, 0, 16, 16], "texture": "#0"}
			}
		},
		{
			"name": "top overlay",
			"from": [0, 3.375, 0],
			"to": [16, 3.375, 16],
			"rotation": {"angle": 0, "axis": "y", "origin": [12, 23, 13]},
			"faces": {
				"up": {"uv": [0, 0, 16, 16], "texture": "#0"},
				"down": {"uv": [0, 0, 16, 16], "texture": "#0"}
			}
		},
		{
			"from": [0, 0, 0],
			"to": [16, 3.175, 16],
			"faces": {
				"north": {"uv": [0, 0, 16, 3.20313], "texture": "#2", "cullface": "north"},
				"east": {"uv": [0, 0, 16, 3.25], "texture": "#2", "cullface": "east"},
				"south": {"uv": [0, 0, 16, 3.20313], "texture": "#2", "cullface": "south"},
				"west": {"uv": [0, 0, 16, 3.20313], "texture": "#2", "cullface": "west"},
				"up": {"uv": [0.04688, 0.04688, 16, 16], "texture": "#1"},
				"down": {"uv": [0, 0, 16, 16], "texture": "#3", "cullface": "down"}
			}
		}
	],
	"display": {
		"thirdperson_righthand": {
			"scale": [0.5, 0.5, 0.5]
		},
		"thirdperson_lefthand": {
			"scale": [0.5, 0.5, 0.5]
		},
		"firstperson_righthand": {
			"rotation": [5, 45, 0],
			"scale": [0.5, 0.5, 0.5]
		},
		"firstperson_lefthand": {
			"rotation": [5, 45, 0],
			"scale": [0.5, 0.5, 0.5]
		},
		"ground": {
			"translation": [0, 4, 0],
			"scale": [0.4, 0.4, 0.4]
		},
		"gui": {
			"rotation": [20, 45, 0],
			"scale": [0.54, 0.54, 0.54]
		}
	}
}