{
	"credit": "Made with Blockbench",
	"parent": "block/thin_block",
	"ambientocclusion": false,
	"texture_size": [32, 32],
	"textures": {
		"0": "block/red_overlay",
		"particle": "block/tnt_block_top",
		"4_1": "block/tnt_block_top"
	},
	"elements": [
		{
			"name": "top overlay",
			"from": [0, 4.625, 0],
			"to": [8, 4.625, 8],
			"rotation": {"angle": 0, "axis": "y", "origin": [12, 24, 13]},
			"faces": {
				"up": {"uv": [0, 0, 8, 8], "texture": "#0", "cullface": "up"},
				"down": {"uv": [0, 0, 8, 8], "texture": "#0", "cullface": "up"}
			}
		},
		{
			"name": "top overlay",
			"from": [0, 4.425, 0],
			"to": [8, 4.425, 8],
			"rotation": {"angle": 0, "axis": "y", "origin": [12, 24, 13]},
			"faces": {
				"up": {"uv": [0, 0, 8, 8], "texture": "#0", "cullface": "up"},
				"down": {"uv": [0, 0, 8, 8], "texture": "#0", "cullface": "up"}
			}
		},
		{
			"name": "top overlay",
			"from": [0, 4.225, 0],
			"to": [8, 4.225, 8],
			"rotation": {"angle": 0, "axis": "y", "origin": [12, 24, 13]},
			"faces": {
				"up": {"uv": [0, 0, 8, 8], "texture": "#0", "cullface": "up"},
				"down": {"uv": [0, 0, 8, 8], "texture": "#0", "cullface": "up"}
			}
		},
		{
			"name": "top overlay",
			"from": [0, 4.025, 0],
			"to": [8, 4.025, 8],
			"rotation": {"angle": 0, "axis": "y", "origin": [12, 24, 13]},
			"faces": {
				"up": {"uv": [0, 0, 8, 8], "texture": "#0", "cullface": "up"},
				"down": {"uv": [0, 0, 8, 8], "texture": "#0", "cullface": "up"}
			}
		},
		{
			"name": "top overlay",
			"from": [0, 3.825, 0],
			"to": [8, 3.825, 8],
			"rotation": {"angle": 0, "axis": "y", "origin": [12, 23, 13]},
			"faces": {
				"up": {"uv": [0, 0, 8, 8], "texture": "#0", "cullface": "up"},
				"down": {"uv": [0, 0, 8, 8], "texture": "#0", "cullface": "up"}
			}
		},
		{
			"name": "top overlay",
			"from": [0, 3.625, 0],
			"to": [8, 3.625, 8],
			"rotation": {"angle": 0, "axis": "y", "origin": [12, 23, 13]},
			"faces": {
				"up": {"uv": [0, 0, 8, 8], "texture": "#0", "cullface": "up"},
				"down": {"uv": [0, 0, 8, 8], "texture": "#0", "cullface": "up"}
			}
		},
		{
			"name": "top overlay",
			"from": [0, 3.425, 0],
			"to": [8, 3.425, 8],
			"rotation": {"angle": 0, "axis": "y", "origin": [12, 23, 13]},
			"faces": {
				"up": {"uv": [0, 0, 8, 8], "texture": "#0", "cullface": "up"},
				"down": {"uv": [0, 0, 8, 8], "texture": "#0", "cullface": "up"}
			}
		},
		{
			"from": [0, 0, 0],
			"to": [8, 3.2, 8],
			"rotation": {"angle": 0, "axis": "y", "origin": [8, -8.75, 7]},
			"faces": {
				"north": {"uv": [0, 0, 16, 3.20313], "texture": "#4_1", "cullface": "north"},
				"east": {"uv": [0, 0, 16, 3.20313], "texture": "#4_1", "cullface": "east"},
				"south": {"uv": [0, 0, 16, 3.20313], "texture": "#4_1", "cullface": "south"},
				"west": {"uv": [0, 0, 16, 3.20313], "texture": "#4_1", "cullface": "west"},
				"up": {"uv": [0.04688, 0.04688, 16, 16], "texture": "#4_1"}
			}
		}
	],
	"display": {
		"thirdperson_righthand": {
			"scale": [0.5, 0.5, 0.5]
		},
		"thirdperson_lefthand": {
			"scale": [0.5, 0.5, 0.5]
		},
		"firstperson_righthand": {
			"rotation": [5, 45, 0],
			"scale": [0.5, 0.5, 0.5]
		},
		"firstperson_lefthand": {
			"rotation": [5, 45, 0],
			"scale": [0.5, 0.5, 0.5]
		},
		"ground": {
			"translation": [0, 4, 0],
			"scale": [0.4, 0.4, 0.4]
		},
		"gui": {
			"rotation": [20, 45, 0],
			"scale": [0.54, 0.54, 0.54]
		}
	},
	"groups": [
		{
			"name": "template0",
			"origin": [8, 8, 8],
			"color": 0,
			"children": [0, 1, 2, 3, 4, 5, 6]
		}, 7]
}