{
	"credit": "Made with Blockbench",
	"ambientocclusion": false,
	"textures": {
		"0": "block/birch_leaves_block_side3",
		"particle": "block/green_leaves_overlay"
	},
	"elements": [
		{
			"from": [8, 0, 0],
			"to": [16, 16, 8],
			"faces": {
				"north": {"uv": [8, 0, 16, 16], "rotation": 180, "texture": "#0", "cullface": "north"},
				"east": {"uv": [8, 0, 16, 16], "rotation": 180, "texture": "#0", "cullface": "east"},
				"south": {"uv": [8, 0, 16, 16], "rotation": 180, "texture": "#0"},
				"west": {"uv": [8, 0, 16, 16], "rotation": 180, "texture": "#0"},
				"up": {"uv": [0, 0, 4, 8], "texture": "#0", "cullface": "up"}
			}
		}
	],
	"display": {
		"thirdperson_righthand": {
			"scale": [0.5, 0.5, 0.5]
		},
		"thirdperson_lefthand": {
			"scale": [0.5, 0.5, 0.5]
		},
		"firstperson_righthand": {
			"rotation": [5, 45, 0],
			"scale": [0.5, 0.5, 0.5]
		},
		"firstperson_lefthand": {
			"rotation": [5, 45, 0],
			"scale": [0.5, 0.5, 0.5]
		},
		"ground": {
			"translation": [0, 4, 0],
			"scale": [0.4, 0.4, 0.4]
		},
		"gui": {
			"rotation": [20, 45, 0],
			"scale": [0.54, 0.54, 0.54]
		}
	},
	"groups": [
		{
			"name": "group",
			"origin": [8, 8, 8],
			"children": [0]
		}
	]
}