{
	"credit": "Made with Blockbench",
	"parent": "block/template_log",
	"textures": {
		"1": "block/dirt_block_top",
		"2": "block/dirt_block_side",
		"3": "block/dirt_bottom",
		"4": "block/stripped_dark_oak_log",
		"particle": "block/dirt_bottom"
	},
	"elements": [
		{
			"from": [-0.05, 0.5, 0.5],
			"to": [-0.05, 15.5, 15.5],
			"faces": {
				"west": {"uv": [0, 0, 15, 15], "texture": "#4"}
			}
		},
		{
			"from": [0.5, 0.5, -0.05],
			"to": [15.5, 15.5, -0.05],
			"faces": {
				"north": {"uv": [0, 0, 15, 15], "texture": "#4"}
			}
		},
		{
			"from": [16.05, 0.5, 0.5],
			"to": [16.05, 15.5, 15.5],
			"faces": {
				"east": {"uv": [0, 0, 15, 15], "texture": "#4"}
			}
		},
		{
			"from": [0.5, 0.5, 16.05],
			"to": [15.5, 15.5, 16.05],
			"faces": {
				"south": {"uv": [0, 0, 15, 15], "texture": "#4"}
			}
		},
		{
			"from": [0, 0, 0],
			"to": [16, 16, 16],
			"faces": {
				"north": {"uv": [0, 0, 16, 16], "texture": "#2", "cullface": "north"},
				"east": {"uv": [0, 0, 16, 16], "texture": "#2", "cullface": "east"},
				"south": {"uv": [0, 0, 16, 16], "texture": "#2", "cullface": "south"},
				"west": {"uv": [0, 0, 16, 16], "texture": "#2", "cullface": "west"},
				"up": {"uv": [0.04688, 0.04688, 16, 16], "texture": "#1", "cullface": "up"},
				"down": {"uv": [0, 0, 16, 16], "texture": "#3", "cullface": "down"}
			}
		}
	],
	"display": {
		"thirdperson_righthand": {
			"scale": [0.5, 0.5, 0.5]
		},
		"thirdperson_lefthand": {
			"scale": [0.5, 0.5, 0.5]
		},
		"firstperson_righthand": {
			"rotation": [5, 45, 0],
			"scale": [0.5, 0.5, 0.5]
		},
		"firstperson_lefthand": {
			"rotation": [5, 45, 0],
			"scale": [0.5, 0.5, 0.5]
		},
		"ground": {
			"translation": [0, 4, 0],
			"scale": [0.4, 0.4, 0.4]
		},
		"gui": {
			"rotation": [20, 45, 0],
			"scale": [0.54, 0.54, 0.54]
		}
	},
	"groups": [0, 1, 2, 3,
		{
			"name": "template_log",
			"origin": [8, 8, 8],
			"color": 0,
			"children": [4]
		}
	]
}