{
	"credit": "Made with Blockbench",
	"textures": {
		"2": "block/grass_overlay",
		"5": "block/grass",
		"particle": "block/grass"
	},
	"elements": [
		{
			"from": [3, 4.5, 3],
			"to": [5, 4.5, 5],
			"rotation": {"angle": 0, "axis": "y", "origin": [9, 11.5, 7]},
			"faces": {
				"up": {"uv": [0, 0, 8, 8], "texture": "#2"},
				"down": {"uv": [0, 0, 16, 16], "texture": "#2"}
			}
		},
		{
			"from": [1, 3.5, 1],
			"to": [7, 3.5, 7],
			"rotation": {"angle": 0, "axis": "y", "origin": [9, 10.5, 7]},
			"faces": {
				"up": {"uv": [0, 0, 8, 8], "texture": "#2"},
				"down": {"uv": [0, 0, 8, 8], "texture": "#2"}
			}
		},
		{
			"from": [1, 1, 1],
			"to": [7, 1, 7],
			"rotation": {"angle": 0, "axis": "y", "origin": [9, 8, 7]},
			"faces": {
				"up": {"uv": [0, 0, 8, 8], "texture": "#2"},
				"down": {"uv": [0, 0, 8, 8], "texture": "#2"}
			}
		},
		{
			"from": [1, 1.5, 1],
			"to": [7, 1.5, 7],
			"rotation": {"angle": 0, "axis": "y", "origin": [9, 8.5, 7]},
			"faces": {
				"up": {"uv": [0, 0, 8, 8], "texture": "#2"},
				"down": {"uv": [0, 0, 8, 8], "texture": "#2"}
			}
		},
		{
			"from": [1, 2.5, 1],
			"to": [7, 2.5, 7],
			"rotation": {"angle": 0, "axis": "y", "origin": [9, 9.5, 7]},
			"faces": {
				"up": {"uv": [0, 0, 8, 8], "texture": "#2"},
				"down": {"uv": [0, 0, 8, 8], "texture": "#2", "cullface": "down"}
			}
		},
		{
			"from": [1, 0.5, 1],
			"to": [7, 0.5, 7],
			"rotation": {"angle": 0, "axis": "y", "origin": [9, 7.5, 7]},
			"faces": {
				"up": {"uv": [0, 0, 8, 8], "texture": "#2"},
				"down": {"uv": [0, 0, 8, 8], "texture": "#2", "cullface": "down"}
			}
		},
		{
			"from": [1, 0, 1],
			"to": [7, 0, 7],
			"rotation": {"angle": 0, "axis": "y", "origin": [9, 7, 7]},
			"faces": {
				"up": {"uv": [0, 0, 8, 8], "texture": "#2"},
				"down": {"uv": [0, 0, 8, 8], "texture": "#2", "cullface": "down"}
			}
		},
		{
			"from": [1, 3, 1],
			"to": [7, 3, 7],
			"rotation": {"angle": 0, "axis": "y", "origin": [9, 10, 7]},
			"faces": {
				"up": {"uv": [0, 0, 8, 8], "texture": "#2"},
				"down": {"uv": [0, 0, 8, 8], "texture": "#2"}
			}
		},
		{
			"from": [1, 2, 1],
			"to": [7, 2, 7],
			"rotation": {"angle": 0, "axis": "y", "origin": [9, 9, 7]},
			"faces": {
				"up": {"uv": [0, 0, 8, 8], "texture": "#2"},
				"down": {"uv": [0, 0, 8, 8], "texture": "#2"}
			}
		},
		{
			"from": [2, 8.75, 2],
			"to": [6, 8.75, 6],
			"rotation": {"angle": 0, "axis": "y", "origin": [9, 15.75, 7]},
			"faces": {
				"up": {"uv": [0, 0, 8, 8], "texture": "#2"},
				"down": {"uv": [0, 0, 8, 8], "texture": "#2"}
			}
		},
		{
			"from": [2, 8.5, 2],
			"to": [6, 8.5, 6],
			"rotation": {"angle": 0, "axis": "y", "origin": [9, 15.5, 7]},
			"faces": {
				"up": {"uv": [0, 0, 8, 8], "texture": "#2"},
				"down": {"uv": [0, 0, 8, 8], "texture": "#2"}
			}
		},
		{
			"from": [2, 8, 2],
			"to": [6, 8, 6],
			"rotation": {"angle": 0, "axis": "y", "origin": [9, 15, 7]},
			"faces": {
				"up": {"uv": [0, 0, 8, 8], "texture": "#2"},
				"down": {"uv": [0, 0, 8, 8], "texture": "#2"}
			}
		},
		{
			"from": [2, 7.75, 2],
			"to": [6, 7.75, 6],
			"rotation": {"angle": 0, "axis": "y", "origin": [9, 14.75, 7]},
			"faces": {
				"up": {"uv": [0, 0, 8, 8], "texture": "#2"},
				"down": {"uv": [0, 0, 8, 8], "texture": "#2"}
			}
		},
		{
			"from": [2, 8.25, 2],
			"to": [6, 8.25, 6],
			"rotation": {"angle": 0, "axis": "y", "origin": [9, 15.25, 7]},
			"faces": {
				"up": {"uv": [0, 0, 8, 8], "texture": "#2"},
				"down": {"uv": [0, 0, 8, 8], "texture": "#2"}
			}
		},
		{
			"from": [1, 7.5, 1],
			"to": [7, 7.5, 7],
			"rotation": {"angle": 0, "axis": "y", "origin": [9, 14.5, 7]},
			"faces": {
				"up": {"uv": [0, 0, 8, 8], "texture": "#2"},
				"down": {"uv": [0, 0, 8, 8], "texture": "#2"}
			}
		},
		{
			"from": [1, 5, 1],
			"to": [7, 5, 7],
			"rotation": {"angle": 0, "axis": "y", "origin": [9, 12, 7]},
			"faces": {
				"up": {"uv": [0, 0, 8, 8], "texture": "#2"},
				"down": {"uv": [0, 0, 8, 8], "texture": "#2"}
			}
		},
		{
			"from": [1, 5.5, 1],
			"to": [7, 5.5, 7],
			"rotation": {"angle": 0, "axis": "y", "origin": [9, 12.5, 7]},
			"faces": {
				"up": {"uv": [0, 0, 8, 8], "texture": "#2"},
				"down": {"uv": [0, 0, 8, 8], "texture": "#2"}
			}
		},
		{
			"from": [1, 6.5, 1],
			"to": [7, 6.5, 7],
			"rotation": {"angle": 0, "axis": "y", "origin": [9, 13.5, 7]},
			"faces": {
				"up": {"uv": [0, 0, 8, 8], "texture": "#2"},
				"down": {"uv": [0, 0, 8, 8], "texture": "#2", "cullface": "down"}
			}
		},
		{
			"from": [1, 4.5, 1],
			"to": [7, 4.5, 7],
			"rotation": {"angle": 0, "axis": "y", "origin": [9, 11.5, 7]},
			"faces": {
				"up": {"uv": [0, 0, 8, 8], "texture": "#2"},
				"down": {"uv": [0, 0, 8, 8], "texture": "#2", "cullface": "down"}
			}
		},
		{
			"from": [1, 4, 1],
			"to": [7, 4, 7],
			"rotation": {"angle": 0, "axis": "y", "origin": [9, 11, 7]},
			"faces": {
				"up": {"uv": [0, 0, 8, 8], "texture": "#2"},
				"down": {"uv": [0, 0, 8, 8], "texture": "#2", "cullface": "down"}
			}
		},
		{
			"from": [1, 7, 1],
			"to": [7, 7, 7],
			"rotation": {"angle": 0, "axis": "y", "origin": [9, 14, 7]},
			"faces": {
				"up": {"uv": [0, 0, 8, 8], "texture": "#2"},
				"down": {"uv": [0, 0, 8, 8], "texture": "#2"}
			}
		},
		{
			"from": [1, 6, 1],
			"to": [7, 6, 7],
			"rotation": {"angle": 0, "axis": "y", "origin": [9, 13, 7]},
			"faces": {
				"up": {"uv": [0, 0, 8, 8], "texture": "#2"},
				"down": {"uv": [0, 0, 8, 8], "texture": "#2"}
			}
		},
		{
			"from": [4, 4, 4],
			"to": [9, 17, 4],
			"rotation": {"angle": 0, "axis": "y", "origin": [4, 4, 4]},
			"faces": {
				"north": {"uv": [3.21875, 4.78125, 7.23438, 16], "texture": "#5"},
				"south": {"uv": [7.10938, 4.8125, 3.25, 16], "texture": "#5"}
			}
		},
		{
			"from": [4, 4, -1],
			"to": [4, 17, 4],
			"rotation": {"angle": 22.5, "axis": "y", "origin": [4, 4, 4]},
			"faces": {
				"east": {"uv": [7.10938, 4.8125, 3.25, 16], "texture": "#5"},
				"west": {"uv": [3.21875, 4.78125, 7.23438, 16], "texture": "#5"}
			}
		},
		{
			"from": [-1, 4, 4],
			"to": [4, 17, 4],
			"rotation": {"angle": 45, "axis": "y", "origin": [4, 4, 4]},
			"faces": {
				"north": {"uv": [7.10938, 4.8125, 3.25, 16], "texture": "#5"},
				"south": {"uv": [3.21875, 4.78125, 7.23438, 16], "texture": "#5"}
			}
		}
	],
	"groups": [
		{
			"name": "group",
			"origin": [8, 8, 8],
			"children": [
				{
					"name": "group",
					"origin": [8, 8, 8],
					"children": [
						{
							"name": "group",
							"origin": [8, 8, 8],
							"children": [0]
						}
					]
				},
				{
					"name": "group",
					"origin": [8, 8, 8],
					"children": [1, 2, 3, 4, 5, 6, 7, 8]
				}
			]
		},
		{
			"name": "grass",
			"origin": [8, 8, 8],
			"children": [
				{
					"name": "group",
					"origin": [8, 8, 8],
					"children": [
						{
							"name": "group",
							"origin": [8, 8, 8],
							"children": [
								{
									"name": "group",
									"origin": [8, 8, 8],
									"children": [9, 10, 11, 12, 13]
								}
							]
						},
						{
							"name": "group",
							"origin": [8, 8, 8],
							"children": [14, 15, 16, 17, 18, 19, 20, 21]
						}
					]
				},
				{
					"name": "grass",
					"origin": [8, 8, 8],
					"children": [22, 23, 24]
				}
			]
		}
	]
}