{
	"credit": "Made with Blockbench",
	"ambientocclusion": false,
	"textures": {
		"0": "block/grass_overlay",
		"1": "block/grass_block_top",
		"2": "block/grass_block_side",
		"3": "block/oak_log_bottom",
		"particle": "block/oak_log_bottom"
	},
	"elements": [
		{
			"from": [0, 0, 0],
			"to": [16, 9.7, 16],
			"faces": {
				"north": {"uv": [0.04688, 6.28125, 16, 16], "texture": "#2", "cullface": "north"},
				"east": {"uv": [0, 6.29688, 16, 16], "texture": "#2", "cullface": "east"},
				"south": {"uv": [0.04688, 6.29688, 16, 16], "texture": "#2", "cullface": "south"},
				"west": {"uv": [0, 6.32813, 16, 16], "texture": "#2", "cullface": "west"},
				"up": {"uv": [0.04688, 0.04688, 16, 16], "rotation": 90, "texture": "#1"},
				"down": {"uv": [0, 0, 16, 16], "texture": "#3", "cullface": "down"}
			}
		},
		{
			"from": [8, 9.7, 0],
			"to": [16, 16, 16],
			"faces": {
				"north": {"uv": [0, 0, 16, 6.34375], "texture": "#2", "cullface": "north"},
				"east": {"uv": [0, 0, 16, 6.32813], "texture": "#2", "cullface": "east"},
				"south": {"uv": [0, 0, 8, 6.34375], "texture": "#2", "cullface": "south"},
				"west": {"uv": [0, 0, 16, 6.375], "texture": "#2"},
				"up": {"uv": [0, 0, 8, 16], "texture": "#1", "cullface": "up"}
			}
		},
		{
			"name": "px",
			"from": [9.4, 16.05, 11.75],
			"to": [14.475, 17.425, 12.075],
			"rotation": {"angle": 0, "axis": "y", "origin": [3.7, 11.05, 5.925]},
			"faces": {
				"east": {"uv": [7, 10.90625, 7.275, 12.90625], "texture": "#1", "cullface": "up"},
				"west": {"uv": [12.25, 12.84375, 12.53125, 12.84375], "texture": "#1", "cullface": "up"},
				"up": {"uv": [9.375, 11.8, 14.45, 12.075], "texture": "#0", "cullface": "up"}
			}
		},
		{
			"name": "px",
			"from": [9.4, 16.05, 12.075],
			"to": [14.475, 17.425, 12.275],
			"rotation": {"angle": 0, "axis": "y", "origin": [3.7, 11.05, 6.025]},
			"faces": {
				"east": {"uv": [7, 10.90625, 7.2, 12.90625], "texture": "#1", "cullface": "up"},
				"south": {"uv": [2.09375, 12.25, 7.17188, 14.25], "texture": "#1", "cullface": "up"},
				"west": {"uv": [12.25, 12.84375, 12.53125, 12.84375], "texture": "#1", "cullface": "up"},
				"up": {"uv": [9.375, 12.075, 14.45, 12.275], "texture": "#0", "cullface": "up"}
			}
		},
		{
			"name": "px",
			"from": [9.425, 16.05, 12.275],
			"to": [14.45, 17.425, 12.4],
			"rotation": {"angle": 0, "axis": "y", "origin": [3.7, 11.05, 6.225]},
			"faces": {
				"east": {"uv": [7, 10.90625, 7.125, 12.90625], "texture": "#1", "cullface": "up"},
				"south": {"uv": [2.09375, 12.25, 7.17188, 14.25], "texture": "#1", "cullface": "up"},
				"west": {"uv": [12.25, 12.84375, 12.53125, 12.84375], "texture": "#1", "cullface": "up"},
				"up": {"uv": [9.4, 12.275, 14.425, 12.4], "texture": "#0", "cullface": "up"}
			}
		},
		{
			"name": "px",
			"from": [9.475, 16.05, 12.5],
			"to": [14.4, 17.425, 12.6],
			"rotation": {"angle": 0, "axis": "y", "origin": [3.7, 11.05, 6.45]},
			"faces": {
				"east": {"uv": [7, 10.90625, 7.1, 12.90625], "texture": "#1", "cullface": "up"},
				"south": {"uv": [2.09375, 12.25, 7.17188, 14.25], "texture": "#1", "cullface": "up"},
				"west": {"uv": [12.25, 12.84375, 12.53125, 12.84375], "texture": "#1", "cullface": "up"},
				"up": {"uv": [9.45, 12.5, 14.375, 12.6], "texture": "#0", "cullface": "up"}
			}
		},
		{
			"name": "px",
			"from": [9.45, 16.05, 12.4],
			"to": [14.425, 17.425, 12.5],
			"rotation": {"angle": 0, "axis": "y", "origin": [3.7, 11.05, 6.35]},
			"faces": {
				"east": {"uv": [7, 10.90625, 7.1, 12.90625], "texture": "#1", "cullface": "up"},
				"south": {"uv": [2.09375, 12.25, 7.17188, 14.25], "texture": "#1", "cullface": "up"},
				"west": {"uv": [12.25, 12.84375, 12.53125, 12.84375], "texture": "#1", "cullface": "up"},
				"up": {"uv": [9.425, 12.4, 14.4, 12.5], "texture": "#0", "cullface": "up"}
			}
		},
		{
			"name": "px",
			"from": [9.5, 16.05, 12.6],
			"to": [14.375, 17.425, 12.7],
			"rotation": {"angle": 0, "axis": "y", "origin": [3.7, 11.05, 6.55]},
			"faces": {
				"east": {"uv": [7, 10.90625, 7.1, 12.90625], "texture": "#1", "cullface": "up"},
				"south": {"uv": [2.09375, 12.25, 7.17188, 14.25], "texture": "#1", "cullface": "up"},
				"west": {"uv": [12.25, 12.84375, 12.53125, 12.84375], "texture": "#1", "cullface": "up"},
				"up": {"uv": [9.475, 12.6, 14.35, 12.7], "texture": "#0", "cullface": "up"}
			}
		},
		{
			"name": "px",
			"from": [9.575, 16.05, 12.8],
			"to": [14.325, 17.425, 12.9],
			"rotation": {"angle": 0, "axis": "y", "origin": [3.7, 11.05, 6.75]},
			"faces": {
				"east": {"uv": [7, 10.90625, 7.1, 12.90625], "texture": "#1", "cullface": "up"},
				"south": {"uv": [2.09375, 12.25, 7.17188, 14.25], "texture": "#1", "cullface": "up"},
				"west": {"uv": [12.25, 12.84375, 12.53125, 12.84375], "texture": "#1", "cullface": "up"},
				"up": {"uv": [9.55, 12.8, 14.3, 12.9], "texture": "#0", "cullface": "up"}
			}
		},
		{
			"name": "px",
			"from": [9.55, 16.05, 12.7],
			"to": [14.35, 17.425, 12.8],
			"rotation": {"angle": 0, "axis": "y", "origin": [3.7, 11.05, 6.65]},
			"faces": {
				"east": {"uv": [7, 10.90625, 7.1, 12.90625], "texture": "#1", "cullface": "up"},
				"south": {"uv": [2.09375, 12.25, 7.17188, 14.25], "texture": "#1", "cullface": "up"},
				"west": {"uv": [12.25, 12.84375, 12.53125, 12.84375], "texture": "#1", "cullface": "up"},
				"up": {"uv": [9.525, 12.7, 14.325, 12.8], "texture": "#0", "cullface": "up"}
			}
		},
		{
			"name": "px",
			"from": [9.6, 16.05, 12.9],
			"to": [14.275, 17.425, 13],
			"rotation": {"angle": 0, "axis": "y", "origin": [3.7, 11.05, 6.85]},
			"faces": {
				"east": {"uv": [7, 10.90625, 7.1, 12.90625], "texture": "#1", "cullface": "up"},
				"south": {"uv": [2.09375, 12.25, 7.17188, 14.25], "texture": "#1", "cullface": "up"},
				"west": {"uv": [12.25, 12.84375, 12.53125, 12.84375], "texture": "#1", "cullface": "up"},
				"up": {"uv": [9.575, 12.9, 14.25, 13], "texture": "#0", "cullface": "up"}
			}
		},
		{
			"name": "px",
			"from": [9.65, 16.05, 13],
			"to": [14.225, 17.425, 13.1],
			"rotation": {"angle": 0, "axis": "y", "origin": [3.7, 11.05, 6.95]},
			"faces": {
				"east": {"uv": [7, 10.90625, 7.1, 12.90625], "texture": "#1", "cullface": "up"},
				"south": {"uv": [2.09375, 12.25, 7.17188, 14.25], "texture": "#1", "cullface": "up"},
				"west": {"uv": [12.25, 12.84375, 12.53125, 12.84375], "texture": "#1", "cullface": "up"},
				"up": {"uv": [9.625, 13, 14.2, 13.1], "texture": "#0", "cullface": "up"}
			}
		},
		{
			"name": "px",
			"from": [9.7, 16.05, 13.1],
			"to": [14.175, 17.425, 13.2],
			"rotation": {"angle": 0, "axis": "y", "origin": [3.7, 11.05, 7.05]},
			"faces": {
				"east": {"uv": [7, 10.90625, 7.1, 12.90625], "texture": "#1", "cullface": "up"},
				"south": {"uv": [2.09375, 12.25, 7.17188, 14.25], "texture": "#1", "cullface": "up"},
				"west": {"uv": [12.25, 12.84375, 12.53125, 12.84375], "texture": "#1", "cullface": "up"},
				"up": {"uv": [9.675, 13.1, 14.15, 13.2], "texture": "#0", "cullface": "up"}
			}
		},
		{
			"name": "px",
			"from": [9.75, 16.05, 13.2],
			"to": [14.125, 17.425, 13.3],
			"rotation": {"angle": 0, "axis": "y", "origin": [3.7, 11.05, 7.15]},
			"faces": {
				"east": {"uv": [7, 10.90625, 7.1, 12.90625], "texture": "#1", "cullface": "up"},
				"south": {"uv": [2.09375, 12.25, 7.17188, 14.25], "texture": "#1", "cullface": "up"},
				"west": {"uv": [12.25, 12.84375, 12.53125, 12.84375], "texture": "#1", "cullface": "up"},
				"up": {"uv": [9.725, 13.2, 14.1, 13.3], "texture": "#0", "cullface": "up"}
			}
		},
		{
			"name": "px",
			"from": [9.8, 16.05, 13.3],
			"to": [14.075, 17.425, 13.4],
			"rotation": {"angle": 0, "axis": "y", "origin": [3.7, 11.05, 7.25]},
			"faces": {
				"east": {"uv": [7, 10.90625, 7.1, 12.90625], "texture": "#1", "cullface": "up"},
				"south": {"uv": [2.09375, 12.25, 7.17188, 14.25], "texture": "#1", "cullface": "up"},
				"west": {"uv": [12.25, 12.84375, 12.53125, 12.84375], "texture": "#1", "cullface": "up"},
				"up": {"uv": [9.775, 13.3, 14.05, 13.4], "texture": "#0", "cullface": "up"}
			}
		},
		{
			"name": "px",
			"from": [9.875, 16.05, 13.4],
			"to": [14, 17.425, 13.5],
			"rotation": {"angle": 0, "axis": "y", "origin": [3.7, 11.05, 7.35]},
			"faces": {
				"east": {"uv": [7, 10.90625, 7.1, 12.90625], "texture": "#1", "cullface": "up"},
				"south": {"uv": [2.09375, 12.25, 7.17188, 14.25], "texture": "#1", "cullface": "up"},
				"west": {"uv": [12.25, 12.84375, 12.53125, 12.84375], "texture": "#1", "cullface": "up"},
				"up": {"uv": [9.85, 13.4, 13.975, 13.5], "texture": "#0", "cullface": "up"}
			}
		},
		{
			"name": "px",
			"from": [9.95, 16.05, 13.5],
			"to": [13.925, 17.425, 13.6],
			"rotation": {"angle": 0, "axis": "y", "origin": [3.7, 11.05, 7.45]},
			"faces": {
				"east": {"uv": [7, 10.90625, 7.1, 12.90625], "texture": "#1", "cullface": "up"},
				"south": {"uv": [2.09375, 12.25, 7.17188, 14.25], "texture": "#1", "cullface": "up"},
				"west": {"uv": [12.25, 12.84375, 12.53125, 12.84375], "texture": "#1", "cullface": "up"},
				"up": {"uv": [9.925, 13.5, 13.9, 13.6], "texture": "#0", "cullface": "up"}
			}
		},
		{
			"name": "px",
			"from": [10.025, 16.05, 13.6],
			"to": [13.85, 17.425, 13.7],
			"rotation": {"angle": 0, "axis": "y", "origin": [3.7, 11.05, 7.55]},
			"faces": {
				"east": {"uv": [7, 10.90625, 7.1, 12.90625], "texture": "#1", "cullface": "up"},
				"south": {"uv": [2.09375, 12.25, 7.17188, 14.25], "texture": "#1", "cullface": "up"},
				"west": {"uv": [12.25, 12.84375, 12.53125, 12.84375], "texture": "#1", "cullface": "up"},
				"up": {"uv": [10, 13.6, 13.825, 13.7], "texture": "#0", "cullface": "up"}
			}
		},
		{
			"name": "px",
			"from": [10.125, 16.05, 13.7],
			"to": [13.8, 17.425, 13.8],
			"rotation": {"angle": 0, "axis": "y", "origin": [3.675, 11.05, 7.65]},
			"faces": {
				"east": {"uv": [7, 10.90625, 7.1, 12.90625], "texture": "#1", "cullface": "up"},
				"south": {"uv": [2.09375, 12.25, 7.17188, 14.25], "texture": "#1", "cullface": "up"},
				"west": {"uv": [12.25, 12.84375, 12.53125, 12.84375], "texture": "#1", "cullface": "up"},
				"up": {"uv": [10.1, 13.7, 13.775, 13.8], "texture": "#0", "cullface": "up"}
			}
		},
		{
			"name": "px",
			"from": [10.35, 16.05, 13.9],
			"to": [13.55, 17.425, 14],
			"rotation": {"angle": 0, "axis": "y", "origin": [3.9, 11.05, 7.65]},
			"faces": {
				"east": {"uv": [7, 10.90625, 7.1, 12.90625], "texture": "#1", "cullface": "up"},
				"south": {"uv": [2.09375, 12.25, 7.17188, 14.25], "texture": "#1", "cullface": "up"},
				"west": {"uv": [12.25, 12.84375, 12.53125, 12.84375], "texture": "#1", "cullface": "up"},
				"up": {"uv": [10.325, 13.9, 13.525, 14], "texture": "#0", "cullface": "up"}
			}
		},
		{
			"name": "px",
			"from": [10.225, 16.05, 13.8],
			"to": [13.675, 17.425, 13.9],
			"rotation": {"angle": 0, "axis": "y", "origin": [3.775, 11.05, 7.65]},
			"faces": {
				"east": {"uv": [7, 10.90625, 7.1, 12.90625], "texture": "#1", "cullface": "up"},
				"south": {"uv": [2.09375, 12.25, 7.17188, 14.25], "texture": "#1", "cullface": "up"},
				"west": {"uv": [12.25, 12.84375, 12.53125, 12.84375], "texture": "#1", "cullface": "up"},
				"up": {"uv": [10.2, 13.8, 13.65, 13.9], "texture": "#0", "cullface": "up"}
			}
		},
		{
			"name": "px",
			"from": [10.5, 16.05, 14],
			"to": [13.45, 17.425, 14.1],
			"rotation": {"angle": 0, "axis": "y", "origin": [4.05, 11.05, 7.65]},
			"faces": {
				"east": {"uv": [7, 10.90625, 7.1, 12.90625], "texture": "#1", "cullface": "up"},
				"south": {"uv": [2.09375, 12.25, 7.17188, 14.25], "texture": "#1", "cullface": "up"},
				"west": {"uv": [12.25, 12.84375, 12.53125, 12.84375], "texture": "#1", "cullface": "up"},
				"up": {"uv": [10.475, 14, 13.425, 14.1], "texture": "#0", "cullface": "up"}
			}
		},
		{
			"name": "px",
			"from": [10.625, 16.05, 14.1],
			"to": [13.325, 17.425, 14.2],
			"rotation": {"angle": 0, "axis": "y", "origin": [3.925, 11.05, 7.65]},
			"faces": {
				"east": {"uv": [7, 10.90625, 7.1, 12.90625], "texture": "#1", "cullface": "up"},
				"south": {"uv": [2.09375, 12.25, 7.17188, 14.25], "texture": "#1", "cullface": "up"},
				"west": {"uv": [12.25, 12.84375, 12.53125, 12.84375], "texture": "#1", "cullface": "up"},
				"up": {"uv": [10.6, 14.1, 13.3, 14.2], "texture": "#0", "cullface": "up"}
			}
		},
		{
			"name": "px",
			"from": [10.85, 16.05, 14.2],
			"to": [13.075, 17.425, 14.3],
			"rotation": {"angle": 0, "axis": "y", "origin": [3.925, 11.05, 7.65]},
			"faces": {
				"east": {"uv": [7, 10.90625, 7.1, 12.90625], "texture": "#1", "cullface": "up"},
				"south": {"uv": [2.09375, 12.25, 7.17188, 14.25], "texture": "#1", "cullface": "up"},
				"west": {"uv": [12.25, 12.84375, 12.53125, 12.84375], "texture": "#1", "cullface": "up"},
				"up": {"uv": [10.825, 14.2, 13.05, 14.3], "texture": "#0", "cullface": "up"}
			}
		},
		{
			"name": "px",
			"from": [11.075, 16.05, 14.3],
			"to": [12.825, 17.425, 14.375],
			"rotation": {"angle": 0, "axis": "y", "origin": [3.925, 11.05, 7.65]},
			"faces": {
				"east": {"uv": [7, 10.90625, 7.075, 12.90625], "texture": "#1", "cullface": "up"},
				"south": {"uv": [2.09375, 12.25, 7.17188, 14.25], "texture": "#1", "cullface": "up"},
				"west": {"uv": [12.25, 12.84375, 12.53125, 12.84375], "texture": "#1", "cullface": "up"},
				"up": {"uv": [11.05, 14.3, 12.8, 14.375], "texture": "#0", "cullface": "up"}
			}
		},
		{
			"name": "px",
			"from": [11.375, 16.05, 14.375],
			"to": [12.575, 17.425, 14.45],
			"rotation": {"angle": 0, "axis": "y", "origin": [3.925, 11.05, 7.625]},
			"faces": {
				"east": {"uv": [7, 10.90625, 7.075, 12.90625], "texture": "#1", "cullface": "up"},
				"south": {"uv": [2.09375, 12.25, 7.17188, 14.25], "texture": "#1", "cullface": "up"},
				"west": {"uv": [12.25, 12.84375, 12.53125, 12.84375], "texture": "#1", "cullface": "up"},
				"up": {"uv": [11.35, 14.375, 12.55, 14.45], "texture": "#0", "cullface": "up"}
			}
		},
		{
			"name": "px",
			"from": [9.4, 16.05, 11.55],
			"to": [14.475, 17.425, 11.75],
			"rotation": {"angle": 0, "axis": "y", "origin": [20.175, 11.05, 17.8]},
			"faces": {
				"north": {"uv": [9.79688, 11.5, 14.17188, 13.5], "texture": "#1", "cullface": "up"},
				"east": {"uv": [7, 10.90625, 7.2, 12.90625], "texture": "#1", "cullface": "up"},
				"west": {"uv": [12.25, 12.84375, 12.53125, 12.84375], "texture": "#1", "cullface": "up"},
				"up": {"uv": [14.45, 11.75, 9.375, 11.55], "rotation": 180, "texture": "#0", "cullface": "up"}
			}
		},
		{
			"name": "px",
			"from": [9.425, 16.05, 11.425],
			"to": [14.45, 17.425, 11.55],
			"rotation": {"angle": 0, "axis": "y", "origin": [20.175, 11.05, 17.6]},
			"faces": {
				"north": {"uv": [9.79688, 11.5, 14.17188, 13.5], "texture": "#1", "cullface": "up"},
				"east": {"uv": [7, 10.90625, 7.125, 12.90625], "texture": "#1", "cullface": "up"},
				"west": {"uv": [12.25, 12.84375, 12.53125, 12.84375], "texture": "#1", "cullface": "up"},
				"up": {"uv": [14.425, 11.55, 9.4, 11.425], "rotation": 180, "texture": "#0", "cullface": "up"}
			}
		},
		{
			"name": "px",
			"from": [9.475, 16.05, 11.225],
			"to": [14.4, 17.425, 11.325],
			"rotation": {"angle": 0, "axis": "y", "origin": [20.175, 11.05, 17.375]},
			"faces": {
				"north": {"uv": [9.79688, 11.5, 14.17188, 13.5], "texture": "#1", "cullface": "up"},
				"east": {"uv": [7, 10.90625, 7.1, 12.90625], "texture": "#1", "cullface": "up"},
				"west": {"uv": [12.25, 12.84375, 12.53125, 12.84375], "texture": "#1", "cullface": "up"},
				"up": {"uv": [14.375, 11.325, 9.45, 11.225], "rotation": 180, "texture": "#0", "cullface": "up"}
			}
		},
		{
			"name": "px",
			"from": [9.45, 16.05, 11.325],
			"to": [14.425, 17.425, 11.425],
			"rotation": {"angle": 0, "axis": "y", "origin": [20.175, 11.05, 17.475]},
			"faces": {
				"north": {"uv": [9.79688, 11.5, 14.17188, 13.5], "texture": "#1", "cullface": "up"},
				"east": {"uv": [7, 10.90625, 7.1, 12.90625], "texture": "#1", "cullface": "up"},
				"west": {"uv": [12.25, 12.84375, 12.53125, 12.84375], "texture": "#1", "cullface": "up"},
				"up": {"uv": [14.4, 11.425, 9.425, 11.325], "rotation": 180, "texture": "#0", "cullface": "up"}
			}
		},
		{
			"name": "px",
			"from": [9.5, 16.05, 11.125],
			"to": [14.375, 17.425, 11.225],
			"rotation": {"angle": 0, "axis": "y", "origin": [20.175, 11.05, 17.275]},
			"faces": {
				"north": {"uv": [9.79688, 11.5, 14.17188, 13.5], "texture": "#1", "cullface": "up"},
				"east": {"uv": [7, 10.90625, 7.1, 12.90625], "texture": "#1", "cullface": "up"},
				"west": {"uv": [12.25, 12.84375, 12.53125, 12.84375], "texture": "#1", "cullface": "up"},
				"up": {"uv": [14.35, 11.225, 9.475, 11.125], "rotation": 180, "texture": "#0", "cullface": "up"}
			}
		},
		{
			"name": "px",
			"from": [9.55, 16.05, 10.925],
			"to": [14.3, 17.425, 11.025],
			"rotation": {"angle": 0, "axis": "y", "origin": [20.175, 11.05, 17.075]},
			"faces": {
				"north": {"uv": [9.79688, 11.5, 14.17188, 13.5], "texture": "#1", "cullface": "up"},
				"east": {"uv": [7, 10.90625, 7.1, 12.90625], "texture": "#1", "cullface": "up"},
				"west": {"uv": [12.25, 12.84375, 12.53125, 12.84375], "texture": "#1", "cullface": "up"},
				"up": {"uv": [14.275, 11.025, 9.525, 10.925], "rotation": 180, "texture": "#0", "cullface": "up"}
			}
		},
		{
			"name": "px",
			"from": [9.525, 16.05, 11.025],
			"to": [14.325, 17.425, 11.125],
			"rotation": {"angle": 0, "axis": "y", "origin": [20.175, 11.05, 17.175]},
			"faces": {
				"north": {"uv": [9.79688, 11.5, 14.17188, 13.5], "texture": "#1", "cullface": "up"},
				"east": {"uv": [7, 10.90625, 7.1, 12.90625], "texture": "#1", "cullface": "up"},
				"west": {"uv": [12.25, 12.84375, 12.53125, 12.84375], "texture": "#1", "cullface": "up"},
				"up": {"uv": [14.3, 11.125, 9.5, 11.025], "rotation": 180, "texture": "#0", "cullface": "up"}
			}
		},
		{
			"name": "px",
			"from": [9.6, 16.05, 10.825],
			"to": [14.275, 17.425, 10.925],
			"rotation": {"angle": 0, "axis": "y", "origin": [20.175, 11.05, 16.975]},
			"faces": {
				"north": {"uv": [9.79688, 11.5, 14.17188, 13.5], "texture": "#1", "cullface": "up"},
				"east": {"uv": [7, 10.90625, 7.1, 12.90625], "texture": "#1", "cullface": "up"},
				"west": {"uv": [12.25, 12.84375, 12.53125, 12.84375], "texture": "#1", "cullface": "up"},
				"up": {"uv": [14.25, 10.925, 9.575, 10.825], "rotation": 180, "texture": "#0", "cullface": "up"}
			}
		},
		{
			"name": "px",
			"from": [9.65, 16.05, 10.725],
			"to": [14.225, 17.425, 10.825],
			"rotation": {"angle": 0, "axis": "y", "origin": [20.175, 11.05, 16.875]},
			"faces": {
				"north": {"uv": [9.79688, 11.5, 14.17188, 13.5], "texture": "#1", "cullface": "up"},
				"east": {"uv": [7, 10.90625, 7.1, 12.90625], "texture": "#1", "cullface": "up"},
				"west": {"uv": [12.25, 12.84375, 12.53125, 12.84375], "texture": "#1", "cullface": "up"},
				"up": {"uv": [14.2, 10.825, 9.625, 10.725], "rotation": 180, "texture": "#0", "cullface": "up"}
			}
		},
		{
			"name": "px",
			"from": [9.7, 16.05, 10.625],
			"to": [14.175, 17.425, 10.725],
			"rotation": {"angle": 0, "axis": "y", "origin": [20.175, 11.05, 16.775]},
			"faces": {
				"north": {"uv": [9.79688, 11.5, 14.17188, 13.5], "texture": "#1", "cullface": "up"},
				"east": {"uv": [7, 10.90625, 7.1, 12.90625], "texture": "#1", "cullface": "up"},
				"west": {"uv": [12.25, 12.84375, 12.53125, 12.84375], "texture": "#1", "cullface": "up"},
				"up": {"uv": [14.15, 10.725, 9.675, 10.625], "rotation": 180, "texture": "#0", "cullface": "up"}
			}
		},
		{
			"name": "px",
			"from": [9.75, 16.05, 10.525],
			"to": [14.125, 17.425, 10.625],
			"rotation": {"angle": 0, "axis": "y", "origin": [20.175, 11.05, 16.675]},
			"faces": {
				"north": {"uv": [9.79688, 11.5, 14.17188, 13.5], "texture": "#1", "cullface": "up"},
				"east": {"uv": [7, 10.90625, 7.1, 12.90625], "texture": "#1", "cullface": "up"},
				"west": {"uv": [12.25, 12.84375, 12.53125, 12.84375], "texture": "#1", "cullface": "up"},
				"up": {"uv": [14.1, 10.625, 9.725, 10.525], "rotation": 180, "texture": "#0", "cullface": "up"}
			}
		},
		{
			"name": "px",
			"from": [9.8, 16.05, 10.425],
			"to": [14.075, 17.425, 10.525],
			"rotation": {"angle": 0, "axis": "y", "origin": [20.175, 11.05, 16.575]},
			"faces": {
				"north": {"uv": [9.79688, 11.5, 14.17188, 13.5], "texture": "#1", "cullface": "up"},
				"east": {"uv": [7, 10.90625, 7.1, 12.90625], "texture": "#1", "cullface": "up"},
				"west": {"uv": [12.25, 12.84375, 12.53125, 12.84375], "texture": "#1", "cullface": "up"},
				"up": {"uv": [14.05, 10.525, 9.775, 10.425], "rotation": 180, "texture": "#0", "cullface": "up"}
			}
		},
		{
			"name": "px",
			"from": [9.875, 16.05, 10.325],
			"to": [14, 17.425, 10.425],
			"rotation": {"angle": 0, "axis": "y", "origin": [20.175, 11.05, 16.475]},
			"faces": {
				"north": {"uv": [9.79688, 11.5, 14.17188, 13.5], "texture": "#1", "cullface": "up"},
				"east": {"uv": [7, 10.90625, 7.1, 12.90625], "texture": "#1", "cullface": "up"},
				"west": {"uv": [12.25, 12.84375, 12.53125, 12.84375], "texture": "#1", "cullface": "up"},
				"up": {"uv": [13.975, 10.425, 9.85, 10.325], "rotation": 180, "texture": "#0", "cullface": "up"}
			}
		},
		{
			"name": "px",
			"from": [9.95, 16.05, 10.225],
			"to": [13.925, 17.425, 10.325],
			"rotation": {"angle": 0, "axis": "y", "origin": [20.175, 11.05, 16.375]},
			"faces": {
				"north": {"uv": [9.79688, 11.5, 14.17188, 13.5], "texture": "#1", "cullface": "up"},
				"east": {"uv": [7, 10.90625, 7.1, 12.90625], "texture": "#1", "cullface": "up"},
				"west": {"uv": [12.25, 12.84375, 12.53125, 12.84375], "texture": "#1", "cullface": "up"},
				"up": {"uv": [13.9, 10.325, 9.925, 10.225], "rotation": 180, "texture": "#0", "cullface": "up"}
			}
		},
		{
			"name": "px",
			"from": [10.025, 16.05, 10.125],
			"to": [13.85, 17.425, 10.225],
			"rotation": {"angle": 0, "axis": "y", "origin": [20.175, 11.05, 16.275]},
			"faces": {
				"north": {"uv": [9.79688, 11.5, 14.17188, 13.5], "texture": "#1", "cullface": "up"},
				"east": {"uv": [7, 10.90625, 7.1, 12.90625], "texture": "#1", "cullface": "up"},
				"west": {"uv": [12.25, 12.84375, 12.53125, 12.84375], "texture": "#1", "cullface": "up"},
				"up": {"uv": [13.825, 10.225, 10, 10.125], "rotation": 180, "texture": "#0", "cullface": "up"}
			}
		},
		{
			"name": "px",
			"from": [10.075, 16.05, 10.025],
			"to": [13.75, 17.425, 10.125],
			"rotation": {"angle": 0, "axis": "y", "origin": [20.2, 11.05, 16.175]},
			"faces": {
				"north": {"uv": [9.79688, 11.5, 14.17188, 13.5], "texture": "#1", "cullface": "up"},
				"east": {"uv": [7, 10.90625, 7.1, 12.90625], "texture": "#1", "cullface": "up"},
				"west": {"uv": [12.25, 12.84375, 12.53125, 12.84375], "texture": "#1", "cullface": "up"},
				"up": {"uv": [13.725, 10.125, 10.05, 10.025], "rotation": 180, "texture": "#0", "cullface": "up"}
			}
		},
		{
			"name": "px",
			"from": [10.325, 16.05, 9.825],
			"to": [13.525, 17.425, 9.925],
			"rotation": {"angle": 0, "axis": "y", "origin": [19.975, 11.05, 16.175]},
			"faces": {
				"north": {"uv": [9.79688, 11.5, 14.17188, 13.5], "texture": "#1", "cullface": "up"},
				"east": {"uv": [7, 10.90625, 7.1, 12.90625], "texture": "#1", "cullface": "up"},
				"west": {"uv": [12.25, 12.84375, 12.53125, 12.84375], "texture": "#1", "cullface": "up"},
				"up": {"uv": [13.5, 9.925, 10.3, 9.825], "rotation": 180, "texture": "#0", "cullface": "up"}
			}
		},
		{
			"name": "px",
			"from": [10.2, 16.05, 9.925],
			"to": [13.65, 17.425, 10.025],
			"rotation": {"angle": 0, "axis": "y", "origin": [20.1, 11.05, 16.175]},
			"faces": {
				"north": {"uv": [9.79688, 11.5, 14.17188, 13.5], "texture": "#1", "cullface": "up"},
				"east": {"uv": [7, 10.90625, 7.1, 12.90625], "texture": "#1", "cullface": "up"},
				"west": {"uv": [12.25, 12.84375, 12.53125, 12.84375], "texture": "#1", "cullface": "up"},
				"up": {"uv": [13.625, 10.025, 10.175, 9.925], "rotation": 180, "texture": "#0", "cullface": "up"}
			}
		},
		{
			"name": "px",
			"from": [10.425, 16.05, 9.725],
			"to": [13.375, 17.425, 9.825],
			"rotation": {"angle": 0, "axis": "y", "origin": [19.825, 11.05, 16.175]},
			"faces": {
				"north": {"uv": [9.79688, 11.5, 14.17188, 13.5], "texture": "#1", "cullface": "up"},
				"east": {"uv": [7, 10.90625, 7.1, 12.90625], "texture": "#1", "cullface": "up"},
				"west": {"uv": [12.25, 12.84375, 12.53125, 12.84375], "texture": "#1", "cullface": "up"},
				"up": {"uv": [13.35, 9.825, 10.4, 9.725], "rotation": 180, "texture": "#0", "cullface": "up"}
			}
		},
		{
			"name": "px",
			"from": [10.55, 16.05, 9.625],
			"to": [13.25, 17.425, 9.725],
			"rotation": {"angle": 0, "axis": "y", "origin": [19.95, 11.05, 16.175]},
			"faces": {
				"north": {"uv": [9.79688, 11.5, 14.17188, 13.5], "texture": "#1", "cullface": "up"},
				"east": {"uv": [7, 10.90625, 7.1, 12.90625], "texture": "#1", "cullface": "up"},
				"west": {"uv": [12.25, 12.84375, 12.53125, 12.84375], "texture": "#1", "cullface": "up"},
				"up": {"uv": [13.225, 9.725, 10.525, 9.625], "rotation": 180, "texture": "#0", "cullface": "up"}
			}
		},
		{
			"name": "px",
			"from": [10.8, 16.05, 9.525],
			"to": [13.025, 17.425, 9.625],
			"rotation": {"angle": 0, "axis": "y", "origin": [19.95, 11.05, 16.175]},
			"faces": {
				"north": {"uv": [9.79688, 11.5, 14.17188, 13.5], "texture": "#1", "cullface": "up"},
				"east": {"uv": [7, 10.90625, 7.1, 12.90625], "texture": "#1", "cullface": "up"},
				"west": {"uv": [12.25, 12.84375, 12.53125, 12.84375], "texture": "#1", "cullface": "up"},
				"up": {"uv": [13, 9.625, 10.775, 9.525], "rotation": 180, "texture": "#0", "cullface": "up"}
			}
		},
		{
			"name": "px",
			"from": [11.05, 16.05, 9.45],
			"to": [12.8, 17.425, 9.525],
			"rotation": {"angle": 0, "axis": "y", "origin": [19.95, 11.05, 16.175]},
			"faces": {
				"north": {"uv": [9.79688, 11.5, 14.17188, 13.5], "texture": "#1", "cullface": "up"},
				"east": {"uv": [7, 10.90625, 7.075, 12.90625], "texture": "#1", "cullface": "up"},
				"west": {"uv": [12.25, 12.84375, 12.53125, 12.84375], "texture": "#1", "cullface": "up"},
				"up": {"uv": [12.775, 9.525, 11.025, 9.45], "rotation": 180, "texture": "#0", "cullface": "up"}
			}
		},
		{
			"name": "px",
			"from": [11.3, 16.05, 9.375],
			"to": [12.5, 17.425, 9.45],
			"rotation": {"angle": 0, "axis": "y", "origin": [19.95, 11.05, 16.2]},
			"faces": {
				"north": {"uv": [9.79688, 11.5, 14.17188, 13.5], "texture": "#1", "cullface": "up"},
				"east": {"uv": [7, 10.90625, 7.075, 12.90625], "texture": "#1", "cullface": "up"},
				"west": {"uv": [12.25, 12.84375, 12.53125, 12.84375], "texture": "#1", "cullface": "up"},
				"up": {"uv": [12.475, 9.45, 11.275, 9.375], "rotation": 180, "texture": "#0", "cullface": "up"}
			}
		},
		{
			"name": "px",
			"from": [3.475, 9.675, 14.375],
			"to": [4.675, 11.05, 14.45],
			"rotation": {"angle": 0, "axis": "y", "origin": [-3.975, 11.05, 7.625]},
			"faces": {
				"east": {"uv": [7, 10.90625, 7.075, 12.90625], "texture": "#1", "cullface": "up"},
				"south": {"uv": [2.09375, 12.25, 7.17188, 14.25], "texture": "#1"},
				"west": {"uv": [12.25, 12.84375, 12.53125, 12.84375], "texture": "#1"},
				"up": {"uv": [3.475, 14.375, 4.675, 14.45], "texture": "#0"}
			}
		},
		{
			"name": "px",
			"from": [3.175, 9.675, 14.3],
			"to": [4.925, 11.05, 14.375],
			"rotation": {"angle": 0, "axis": "y", "origin": [-3.975, 11.05, 7.65]},
			"faces": {
				"east": {"uv": [7, 10.90625, 7.075, 12.90625], "texture": "#1", "cullface": "up"},
				"south": {"uv": [2.09375, 12.25, 7.17188, 14.25], "texture": "#1"},
				"west": {"uv": [12.25, 12.84375, 12.53125, 12.84375], "texture": "#1"},
				"up": {"uv": [3.175, 14.3, 4.925, 14.375], "texture": "#0"}
			}
		},
		{
			"name": "px",
			"from": [2.95, 9.675, 14.2],
			"to": [5.175, 11.05, 14.3],
			"rotation": {"angle": 0, "axis": "y", "origin": [-3.975, 11.05, 7.65]},
			"faces": {
				"east": {"uv": [7, 10.90625, 7.1, 12.90625], "texture": "#1", "cullface": "up"},
				"south": {"uv": [2.09375, 12.25, 7.17188, 14.25], "texture": "#1"},
				"west": {"uv": [12.25, 12.84375, 12.53125, 12.84375], "texture": "#1"},
				"up": {"uv": [2.95, 14.2, 5.175, 14.3], "texture": "#0"}
			}
		},
		{
			"name": "px",
			"from": [2.725, 9.675, 14.1],
			"to": [5.425, 11.05, 14.2],
			"rotation": {"angle": 0, "axis": "y", "origin": [-3.975, 11.05, 7.65]},
			"faces": {
				"east": {"uv": [7, 10.90625, 7.1, 12.90625], "texture": "#1", "cullface": "up"},
				"south": {"uv": [2.09375, 12.25, 7.17188, 14.25], "texture": "#1"},
				"west": {"uv": [12.25, 12.84375, 12.53125, 12.84375], "texture": "#1"},
				"up": {"uv": [2.725, 14.1, 5.425, 14.2], "texture": "#0"}
			}
		},
		{
			"name": "px",
			"from": [2.6, 9.675, 14],
			"to": [5.55, 11.05, 14.1],
			"rotation": {"angle": 0, "axis": "y", "origin": [-3.85, 11.05, 7.65]},
			"faces": {
				"east": {"uv": [7, 10.90625, 7.1, 12.90625], "texture": "#1", "cullface": "up"},
				"south": {"uv": [2.09375, 12.25, 7.17188, 14.25], "texture": "#1"},
				"west": {"uv": [12.25, 12.84375, 12.53125, 12.84375], "texture": "#1"},
				"up": {"uv": [2.6, 14, 5.55, 14.1], "texture": "#0"}
			}
		},
		{
			"name": "px",
			"from": [2.325, 9.675, 13.8],
			"to": [5.775, 11.05, 13.9],
			"rotation": {"angle": 0, "axis": "y", "origin": [-4.125, 11.05, 7.65]},
			"faces": {
				"east": {"uv": [7, 10.90625, 7.1, 12.90625], "texture": "#1", "cullface": "up"},
				"south": {"uv": [2.09375, 12.25, 7.17188, 14.25], "texture": "#1"},
				"west": {"uv": [12.25, 12.84375, 12.53125, 12.84375], "texture": "#1"},
				"up": {"uv": [2.325, 13.8, 5.775, 13.9], "texture": "#0"}
			}
		},
		{
			"name": "px",
			"from": [2.45, 9.675, 13.9],
			"to": [5.65, 11.05, 14],
			"rotation": {"angle": 0, "axis": "y", "origin": [-4, 11.05, 7.65]},
			"faces": {
				"east": {"uv": [7, 10.90625, 7.1, 12.90625], "texture": "#1", "cullface": "up"},
				"south": {"uv": [2.09375, 12.25, 7.17188, 14.25], "texture": "#1"},
				"west": {"uv": [12.25, 12.84375, 12.53125, 12.84375], "texture": "#1"},
				"up": {"uv": [2.45, 13.9, 5.65, 14], "texture": "#0"}
			}
		},
		{
			"name": "px",
			"from": [2.225, 9.675, 13.7],
			"to": [5.9, 11.05, 13.8],
			"rotation": {"angle": 0, "axis": "y", "origin": [-4.225, 11.05, 7.65]},
			"faces": {
				"east": {"uv": [7, 10.90625, 7.1, 12.90625], "texture": "#1", "cullface": "up"},
				"south": {"uv": [2.09375, 12.25, 7.17188, 14.25], "texture": "#1"},
				"west": {"uv": [12.25, 12.84375, 12.53125, 12.84375], "texture": "#1"},
				"up": {"uv": [2.225, 13.7, 5.9, 13.8], "texture": "#0"}
			}
		},
		{
			"name": "px",
			"from": [2.125, 9.675, 13.6],
			"to": [5.95, 11.05, 13.7],
			"rotation": {"angle": 0, "axis": "y", "origin": [-4.2, 11.05, 7.55]},
			"faces": {
				"east": {"uv": [7, 10.90625, 7.1, 12.90625], "texture": "#1", "cullface": "up"},
				"south": {"uv": [2.09375, 12.25, 7.17188, 14.25], "texture": "#1"},
				"west": {"uv": [12.25, 12.84375, 12.53125, 12.84375], "texture": "#1"},
				"up": {"uv": [2.125, 13.6, 5.95, 13.7], "texture": "#0"}
			}
		},
		{
			"name": "px",
			"from": [2.05, 9.675, 13.5],
			"to": [6.025, 11.05, 13.6],
			"rotation": {"angle": 0, "axis": "y", "origin": [-4.2, 11.05, 7.45]},
			"faces": {
				"east": {"uv": [7, 10.90625, 7.1, 12.90625], "texture": "#1", "cullface": "up"},
				"south": {"uv": [2.09375, 12.25, 7.17188, 14.25], "texture": "#1"},
				"west": {"uv": [12.25, 12.84375, 12.53125, 12.84375], "texture": "#1"},
				"up": {"uv": [2.05, 13.5, 6.025, 13.6], "texture": "#0"}
			}
		},
		{
			"name": "px",
			"from": [1.975, 9.675, 13.4],
			"to": [6.1, 11.05, 13.5],
			"rotation": {"angle": 0, "axis": "y", "origin": [-4.2, 11.05, 7.35]},
			"faces": {
				"east": {"uv": [7, 10.90625, 7.1, 12.90625], "texture": "#1", "cullface": "up"},
				"south": {"uv": [2.09375, 12.25, 7.17188, 14.25], "texture": "#1"},
				"west": {"uv": [12.25, 12.84375, 12.53125, 12.84375], "texture": "#1"},
				"up": {"uv": [1.975, 13.4, 6.1, 13.5], "texture": "#0"}
			}
		},
		{
			"name": "px",
			"from": [1.9, 9.675, 13.3],
			"to": [6.175, 11.05, 13.4],
			"rotation": {"angle": 0, "axis": "y", "origin": [-4.2, 11.05, 7.25]},
			"faces": {
				"east": {"uv": [7, 10.90625, 7.1, 12.90625], "texture": "#1", "cullface": "up"},
				"south": {"uv": [2.09375, 12.25, 7.17188, 14.25], "texture": "#1"},
				"west": {"uv": [12.25, 12.84375, 12.53125, 12.84375], "texture": "#1"},
				"up": {"uv": [1.9, 13.3, 6.175, 13.4], "texture": "#0"}
			}
		},
		{
			"name": "px",
			"from": [1.85, 9.675, 13.2],
			"to": [6.225, 11.05, 13.3],
			"rotation": {"angle": 0, "axis": "y", "origin": [-4.2, 11.05, 7.15]},
			"faces": {
				"east": {"uv": [7, 10.90625, 7.1, 12.90625], "texture": "#1", "cullface": "up"},
				"south": {"uv": [3.15625, 13.34375, 7.53125, 13.34375], "texture": "#1"},
				"west": {"uv": [12.25, 12.84375, 12.53125, 12.84375], "texture": "#1"},
				"up": {"uv": [1.85, 13.2, 6.225, 13.3], "texture": "#0"}
			}
		},
		{
			"name": "px",
			"from": [1.8, 9.675, 13.1],
			"to": [6.275, 11.05, 13.2],
			"rotation": {"angle": 0, "axis": "y", "origin": [-4.2, 11.05, 7.05]},
			"faces": {
				"east": {"uv": [7, 10.90625, 7.1, 12.90625], "texture": "#1", "cullface": "up"},
				"south": {"uv": [2.09375, 12.25, 7.17188, 14.25], "texture": "#1"},
				"west": {"uv": [12.25, 12.84375, 12.53125, 12.84375], "texture": "#1"},
				"up": {"uv": [1.8, 13.1, 6.275, 13.2], "texture": "#0"}
			}
		},
		{
			"name": "px",
			"from": [1.75, 9.675, 13],
			"to": [6.325, 11.05, 13.1],
			"rotation": {"angle": 0, "axis": "y", "origin": [-4.2, 11.05, 6.95]},
			"faces": {
				"east": {"uv": [7, 10.90625, 7.1, 12.90625], "texture": "#1", "cullface": "up"},
				"south": {"uv": [2.09375, 12.25, 7.17188, 14.25], "texture": "#1"},
				"west": {"uv": [12.25, 12.84375, 12.53125, 12.84375], "texture": "#1"},
				"up": {"uv": [1.75, 13, 6.325, 13.1], "texture": "#0"}
			}
		},
		{
			"name": "px",
			"from": [1.7, 9.675, 12.9],
			"to": [6.375, 11.05, 13],
			"rotation": {"angle": 0, "axis": "y", "origin": [-4.2, 11.05, 6.85]},
			"faces": {
				"east": {"uv": [7, 10.90625, 7.1, 12.90625], "texture": "#1", "cullface": "up"},
				"south": {"uv": [2.09375, 12.25, 7.17188, 14.25], "texture": "#1"},
				"west": {"uv": [12.25, 12.84375, 12.53125, 12.84375], "texture": "#1"},
				"up": {"uv": [1.7, 12.9, 6.375, 13], "texture": "#0"}
			}
		},
		{
			"name": "px",
			"from": [1.65, 9.675, 12.7],
			"to": [6.45, 11.05, 12.8],
			"rotation": {"angle": 0, "axis": "y", "origin": [-4.2, 11.05, 6.65]},
			"faces": {
				"east": {"uv": [7, 10.90625, 7.1, 12.90625], "texture": "#1", "cullface": "up"},
				"south": {"uv": [2.09375, 12.25, 7.17188, 14.25], "texture": "#1"},
				"west": {"uv": [12.25, 12.84375, 12.53125, 12.84375], "texture": "#1"},
				"up": {"uv": [1.65, 12.7, 6.45, 12.8], "texture": "#0"}
			}
		},
		{
			"name": "px",
			"from": [1.675, 9.675, 12.8],
			"to": [6.425, 11.05, 12.9],
			"rotation": {"angle": 0, "axis": "y", "origin": [-4.2, 11.05, 6.75]},
			"faces": {
				"east": {"uv": [7, 10.90625, 7.1, 12.90625], "texture": "#1", "cullface": "up"},
				"south": {"uv": [2.09375, 12.25, 7.17188, 14.25], "texture": "#1"},
				"west": {"uv": [12.25, 12.84375, 12.53125, 12.84375], "texture": "#1"},
				"up": {"uv": [1.675, 12.8, 6.425, 12.9], "texture": "#0"}
			}
		},
		{
			"name": "px",
			"from": [1.6, 9.675, 12.6],
			"to": [6.475, 11.05, 12.7],
			"rotation": {"angle": 0, "axis": "y", "origin": [-4.2, 11.05, 6.55]},
			"faces": {
				"east": {"uv": [7, 10.90625, 7.1, 12.90625], "texture": "#1", "cullface": "up"},
				"south": {"uv": [2.09375, 12.25, 7.17188, 14.25], "texture": "#1"},
				"west": {"uv": [12.25, 12.84375, 12.53125, 12.84375], "texture": "#1"},
				"up": {"uv": [1.6, 12.6, 6.475, 12.7], "texture": "#0"}
			}
		},
		{
			"name": "px",
			"from": [1.55, 9.675, 12.4],
			"to": [6.525, 11.05, 12.5],
			"rotation": {"angle": 0, "axis": "y", "origin": [-4.2, 11.05, 6.35]},
			"faces": {
				"east": {"uv": [7, 10.90625, 7.1, 12.90625], "texture": "#1", "cullface": "up"},
				"south": {"uv": [2.09375, 12.25, 7.17188, 14.25], "texture": "#1"},
				"west": {"uv": [12.25, 12.84375, 12.53125, 12.84375], "texture": "#1"},
				"up": {"uv": [1.55, 12.4, 6.525, 12.5], "texture": "#0"}
			}
		},
		{
			"name": "px",
			"from": [1.575, 9.675, 12.5],
			"to": [6.5, 11.05, 12.6],
			"rotation": {"angle": 0, "axis": "y", "origin": [-4.2, 11.05, 6.45]},
			"faces": {
				"east": {"uv": [7, 10.90625, 7.1, 12.90625], "texture": "#1", "cullface": "up"},
				"south": {"uv": [2.09375, 12.25, 7.17188, 14.25], "texture": "#1"},
				"west": {"uv": [12.25, 12.84375, 12.53125, 12.84375], "texture": "#1"},
				"up": {"uv": [1.575, 12.5, 6.5, 12.6], "texture": "#0"}
			}
		},
		{
			"name": "px",
			"from": [1.525, 9.675, 12.275],
			"to": [6.55, 11.05, 12.4],
			"rotation": {"angle": 0, "axis": "y", "origin": [-4.2, 11.05, 6.225]},
			"faces": {
				"east": {"uv": [7, 10.90625, 7.125, 12.90625], "texture": "#1", "cullface": "up"},
				"south": {"uv": [2.09375, 12.25, 7.17188, 14.25], "texture": "#1"},
				"west": {"uv": [12.25, 12.84375, 12.53125, 12.84375], "texture": "#1"},
				"up": {"uv": [1.525, 12.275, 6.55, 12.4], "texture": "#0"}
			}
		},
		{
			"name": "px",
			"from": [1.5, 9.675, 12.075],
			"to": [6.575, 11.05, 12.275],
			"rotation": {"angle": 0, "axis": "y", "origin": [-4.2, 11.05, 6.025]},
			"faces": {
				"east": {"uv": [7, 10.90625, 7.2, 12.90625], "texture": "#1", "cullface": "up"},
				"south": {"uv": [2.09375, 12.25, 7.17188, 14.25], "texture": "#1"},
				"west": {"uv": [12.25, 12.84375, 12.53125, 12.84375], "texture": "#1"},
				"up": {"uv": [1.5, 12.075, 6.575, 12.275], "texture": "#0"}
			}
		},
		{
			"name": "px",
			"from": [1.5, 9.675, 11.75],
			"to": [6.575, 11.05, 12.075],
			"rotation": {"angle": 0, "axis": "y", "origin": [-4.2, 11.05, 5.925]},
			"faces": {
				"north": {"uv": [9.79688, 11.5, 14.17188, 13.5], "texture": "#1", "cullface": "up"},
				"east": {"uv": [7, 10.90625, 7.275, 12.90625], "texture": "#1", "cullface": "up"},
				"west": {"uv": [12.25, 12.84375, 12.53125, 12.84375], "texture": "#1"},
				"up": {"uv": [1.5, 11.8, 6.575, 12.075], "texture": "#0"}
			}
		},
		{
			"name": "px",
			"from": [1.55, 9.675, 11.55],
			"to": [6.6, 11.05, 11.75],
			"rotation": {"angle": 0, "axis": "y", "origin": [12.25, 11.05, 17.8]},
			"faces": {
				"north": {"uv": [9.79688, 11.5, 14.17188, 13.5], "texture": "#1"},
				"east": {"uv": [7, 10.90625, 7.2, 12.90625], "texture": "#1", "cullface": "up"},
				"west": {"uv": [12.25, 12.84375, 12.53125, 12.84375], "texture": "#1"},
				"up": {"uv": [6.625, 11.75, 1.55, 11.55], "rotation": 180, "texture": "#0"}
			}
		},
		{
			"name": "px",
			"from": [1.575, 9.675, 11.425],
			"to": [6.575, 11.05, 11.55],
			"rotation": {"angle": 0, "axis": "y", "origin": [12.25, 11.05, 17.6]},
			"faces": {
				"north": {"uv": [9.79688, 11.5, 14.17188, 13.5], "texture": "#1"},
				"east": {"uv": [7, 10.90625, 7.125, 12.90625], "texture": "#1", "cullface": "up"},
				"west": {"uv": [12.25, 12.84375, 12.53125, 12.84375], "texture": "#1"},
				"up": {"uv": [6.6, 11.55, 1.575, 11.425], "rotation": 180, "texture": "#0"}
			}
		},
		{
			"name": "px",
			"from": [1.625, 9.675, 11.225],
			"to": [6.525, 11.05, 11.325],
			"rotation": {"angle": 0, "axis": "y", "origin": [12.25, 11.05, 17.375]},
			"faces": {
				"north": {"uv": [9.79688, 11.5, 14.17188, 13.5], "texture": "#1"},
				"east": {"uv": [7, 10.90625, 7.1, 12.90625], "texture": "#1", "cullface": "up"},
				"west": {"uv": [12.25, 12.84375, 12.53125, 12.84375], "texture": "#1"},
				"up": {"uv": [6.55, 11.325, 1.625, 11.225], "rotation": 180, "texture": "#0"}
			}
		},
		{
			"name": "px",
			"from": [1.6, 9.675, 11.325],
			"to": [6.55, 11.05, 11.425],
			"rotation": {"angle": 0, "axis": "y", "origin": [12.25, 11.05, 17.475]},
			"faces": {
				"north": {"uv": [9.79688, 11.5, 14.17188, 13.5], "texture": "#1"},
				"east": {"uv": [7, 10.90625, 7.1, 12.90625], "texture": "#1", "cullface": "up"},
				"west": {"uv": [12.25, 12.84375, 12.53125, 12.84375], "texture": "#1"},
				"up": {"uv": [6.575, 11.425, 1.6, 11.325], "rotation": 180, "texture": "#0"}
			}
		},
		{
			"name": "px",
			"from": [1.65, 9.675, 11.125],
			"to": [6.5, 11.05, 11.225],
			"rotation": {"angle": 0, "axis": "y", "origin": [12.25, 11.05, 17.275]},
			"faces": {
				"north": {"uv": [9.79688, 11.5, 14.17188, 13.5], "texture": "#1"},
				"east": {"uv": [7, 10.90625, 7.1, 12.90625], "texture": "#1", "cullface": "up"},
				"west": {"uv": [12.25, 12.84375, 12.53125, 12.84375], "texture": "#1"},
				"up": {"uv": [6.525, 11.225, 1.65, 11.125], "rotation": 180, "texture": "#0"}
			}
		},
		{
			"name": "px",
			"from": [1.7, 9.675, 10.925],
			"to": [6.425, 11.05, 11.025],
			"rotation": {"angle": 0, "axis": "y", "origin": [12.25, 11.05, 17.075]},
			"faces": {
				"north": {"uv": [9.79688, 11.5, 14.17188, 13.5], "texture": "#1"},
				"east": {"uv": [7, 10.90625, 7.1, 12.90625], "texture": "#1", "cullface": "up"},
				"west": {"uv": [12.25, 12.84375, 12.53125, 12.84375], "texture": "#1"},
				"up": {"uv": [6.45, 11.025, 1.7, 10.925], "rotation": 180, "texture": "#0"}
			}
		},
		{
			"name": "px",
			"from": [1.675, 9.675, 11.025],
			"to": [6.45, 11.05, 11.125],
			"rotation": {"angle": 0, "axis": "y", "origin": [12.25, 11.05, 17.175]},
			"faces": {
				"north": {"uv": [9.79688, 11.5, 14.17188, 13.5], "texture": "#1"},
				"east": {"uv": [7, 10.90625, 7.1, 12.90625], "texture": "#1", "cullface": "up"},
				"west": {"uv": [12.25, 12.84375, 12.53125, 12.84375], "texture": "#1"},
				"up": {"uv": [6.475, 11.125, 1.675, 11.025], "rotation": 180, "texture": "#0"}
			}
		},
		{
			"name": "px",
			"from": [1.75, 9.675, 10.825],
			"to": [6.4, 11.05, 10.925],
			"rotation": {"angle": 0, "axis": "y", "origin": [12.25, 11.05, 16.975]},
			"faces": {
				"north": {"uv": [9.79688, 11.5, 14.17188, 13.5], "texture": "#1"},
				"east": {"uv": [7, 10.90625, 7.1, 12.90625], "texture": "#1", "cullface": "up"},
				"west": {"uv": [12.25, 12.84375, 12.53125, 12.84375], "texture": "#1"},
				"up": {"uv": [6.425, 10.925, 1.75, 10.825], "rotation": 180, "texture": "#0"}
			}
		},
		{
			"name": "px",
			"from": [1.8, 9.675, 10.725],
			"to": [6.35, 11.05, 10.825],
			"rotation": {"angle": 0, "axis": "y", "origin": [12.25, 11.05, 16.875]},
			"faces": {
				"north": {"uv": [9.79688, 11.5, 14.17188, 13.5], "texture": "#1"},
				"east": {"uv": [7, 10.90625, 7.1, 12.90625], "texture": "#1", "cullface": "up"},
				"west": {"uv": [12.25, 12.84375, 12.53125, 12.84375], "texture": "#1"},
				"up": {"uv": [6.375, 10.825, 1.8, 10.725], "rotation": 180, "texture": "#0"}
			}
		},
		{
			"name": "px",
			"from": [1.85, 9.675, 10.625],
			"to": [6.3, 11.05, 10.725],
			"rotation": {"angle": 0, "axis": "y", "origin": [12.25, 11.05, 16.775]},
			"faces": {
				"north": {"uv": [9.79688, 11.5, 14.17188, 13.5], "texture": "#1"},
				"east": {"uv": [7, 10.90625, 7.1, 12.90625], "texture": "#1", "cullface": "up"},
				"west": {"uv": [12.25, 12.84375, 12.53125, 12.84375], "texture": "#1"},
				"up": {"uv": [6.325, 10.725, 1.85, 10.625], "rotation": 180, "texture": "#0"}
			}
		},
		{
			"name": "px",
			"from": [1.9, 9.675, 10.525],
			"to": [6.25, 11.05, 10.625],
			"rotation": {"angle": 0, "axis": "y", "origin": [12.25, 11.05, 16.675]},
			"faces": {
				"north": {"uv": [9.79688, 11.5, 14.17188, 13.5], "texture": "#1"},
				"east": {"uv": [7, 10.90625, 7.1, 12.90625], "texture": "#1", "cullface": "up"},
				"west": {"uv": [12.25, 12.84375, 12.53125, 12.84375], "texture": "#1"},
				"up": {"uv": [6.275, 10.625, 1.9, 10.525], "rotation": 180, "texture": "#0"}
			}
		},
		{
			"name": "px",
			"from": [1.95, 9.675, 10.425],
			"to": [6.2, 11.05, 10.525],
			"rotation": {"angle": 0, "axis": "y", "origin": [12.25, 11.05, 16.575]},
			"faces": {
				"north": {"uv": [9.79688, 11.5, 14.17188, 13.5], "texture": "#1"},
				"east": {"uv": [7, 10.90625, 7.1, 12.90625], "texture": "#1", "cullface": "up"},
				"west": {"uv": [12.25, 12.84375, 12.53125, 12.84375], "texture": "#1"},
				"up": {"uv": [6.225, 10.525, 1.95, 10.425], "rotation": 180, "texture": "#0"}
			}
		},
		{
			"name": "px",
			"from": [2.025, 9.675, 10.325],
			"to": [6.125, 11.05, 10.425],
			"rotation": {"angle": 0, "axis": "y", "origin": [12.25, 11.05, 16.475]},
			"faces": {
				"north": {"uv": [9.79688, 11.5, 14.17188, 13.5], "texture": "#1"},
				"east": {"uv": [7, 10.90625, 7.1, 12.90625], "texture": "#1", "cullface": "up"},
				"west": {"uv": [12.25, 12.84375, 12.53125, 12.84375], "texture": "#1"},
				"up": {"uv": [6.15, 10.425, 2.025, 10.325], "rotation": 180, "texture": "#0"}
			}
		},
		{
			"name": "px",
			"from": [2.1, 9.675, 10.225],
			"to": [6.05, 11.05, 10.325],
			"rotation": {"angle": 0, "axis": "y", "origin": [12.25, 11.05, 16.375]},
			"faces": {
				"north": {"uv": [9.79688, 11.5, 14.17188, 13.5], "texture": "#1"},
				"east": {"uv": [7, 10.90625, 7.1, 12.90625], "texture": "#1", "cullface": "up"},
				"west": {"uv": [12.25, 12.84375, 12.53125, 12.84375], "texture": "#1"},
				"up": {"uv": [6.075, 10.325, 2.1, 10.225], "rotation": 180, "texture": "#0"}
			}
		},
		{
			"name": "px",
			"from": [2.175, 9.675, 10.125],
			"to": [5.975, 11.05, 10.225],
			"rotation": {"angle": 0, "axis": "y", "origin": [12.25, 11.05, 16.275]},
			"faces": {
				"north": {"uv": [9.79688, 11.5, 14.17188, 13.5], "texture": "#1"},
				"east": {"uv": [7, 10.90625, 7.1, 12.90625], "texture": "#1", "cullface": "up"},
				"west": {"uv": [12.25, 12.84375, 12.53125, 12.84375], "texture": "#1"},
				"up": {"uv": [6, 10.225, 2.175, 10.125], "rotation": 180, "texture": "#0"}
			}
		},
		{
			"name": "px",
			"from": [2.225, 9.675, 10.025],
			"to": [5.875, 11.05, 10.125],
			"rotation": {"angle": 0, "axis": "y", "origin": [12.275, 11.05, 16.175]},
			"faces": {
				"north": {"uv": [9.79688, 11.5, 14.17188, 13.5], "texture": "#1"},
				"east": {"uv": [7, 10.90625, 7.1, 12.90625], "texture": "#1", "cullface": "up"},
				"west": {"uv": [12.25, 12.84375, 12.53125, 12.84375], "texture": "#1"},
				"up": {"uv": [5.9, 10.125, 2.225, 10.025], "rotation": 180, "texture": "#0"}
			}
		},
		{
			"name": "px",
			"from": [2.475, 9.675, 9.825],
			"to": [5.65, 11.05, 9.925],
			"rotation": {"angle": 0, "axis": "y", "origin": [12.05, 11.05, 16.175]},
			"faces": {
				"north": {"uv": [9.79688, 11.5, 14.17188, 13.5], "texture": "#1"},
				"east": {"uv": [7, 10.90625, 7.1, 12.90625], "texture": "#1", "cullface": "up"},
				"west": {"uv": [12.25, 12.84375, 12.53125, 12.84375], "texture": "#1"},
				"up": {"uv": [5.675, 9.925, 2.475, 9.825], "rotation": 180, "texture": "#0"}
			}
		},
		{
			"name": "px",
			"from": [2.35, 9.675, 9.925],
			"to": [5.775, 11.05, 10.025],
			"rotation": {"angle": 0, "axis": "y", "origin": [12.175, 11.05, 16.175]},
			"faces": {
				"north": {"uv": [9.79688, 11.5, 14.17188, 13.5], "texture": "#1"},
				"east": {"uv": [7, 10.90625, 7.1, 12.90625], "texture": "#1", "cullface": "up"},
				"west": {"uv": [12.25, 12.84375, 12.53125, 12.84375], "texture": "#1"},
				"up": {"uv": [5.8, 10.025, 2.35, 9.925], "rotation": 180, "texture": "#0"}
			}
		},
		{
			"name": "px",
			"from": [2.575, 9.675, 9.725],
			"to": [5.5, 11.05, 9.825],
			"rotation": {"angle": 0, "axis": "y", "origin": [11.9, 11.05, 16.175]},
			"faces": {
				"north": {"uv": [9.79688, 11.5, 14.17188, 13.5], "texture": "#1"},
				"east": {"uv": [7, 10.90625, 7.1, 12.90625], "texture": "#1", "cullface": "up"},
				"west": {"uv": [12.25, 12.84375, 12.53125, 12.84375], "texture": "#1"},
				"up": {"uv": [5.525, 9.825, 2.575, 9.725], "rotation": 180, "texture": "#0"}
			}
		},
		{
			"name": "px",
			"from": [2.7, 9.675, 9.625],
			"to": [5.375, 11.05, 9.725],
			"rotation": {"angle": 0, "axis": "y", "origin": [12.025, 11.05, 16.175]},
			"faces": {
				"north": {"uv": [9.79688, 11.5, 14.17188, 13.5], "texture": "#1"},
				"east": {"uv": [7, 10.90625, 7.1, 12.90625], "texture": "#1", "cullface": "up"},
				"west": {"uv": [12.25, 12.84375, 12.53125, 12.84375], "texture": "#1"},
				"up": {"uv": [5.4, 9.725, 2.7, 9.625], "rotation": 180, "texture": "#0"}
			}
		},
		{
			"name": "px",
			"from": [2.95, 9.675, 9.525],
			"to": [5.15, 11.05, 9.625],
			"rotation": {"angle": 0, "axis": "y", "origin": [12.025, 11.05, 16.175]},
			"faces": {
				"north": {"uv": [9.79688, 11.5, 14.17188, 13.5], "texture": "#1"},
				"east": {"uv": [7, 10.90625, 7.1, 12.90625], "texture": "#1", "cullface": "up"},
				"west": {"uv": [12.25, 12.84375, 12.53125, 12.84375], "texture": "#1"},
				"up": {"uv": [5.175, 9.625, 2.95, 9.525], "rotation": 180, "texture": "#0"}
			}
		},
		{
			"name": "px",
			"from": [3.2, 9.675, 9.45],
			"to": [4.925, 11.05, 9.525],
			"rotation": {"angle": 0, "axis": "y", "origin": [12.025, 11.05, 16.175]},
			"faces": {
				"north": {"uv": [9.79688, 11.5, 14.17188, 13.5], "texture": "#1"},
				"east": {"uv": [7, 10.90625, 7.075, 12.90625], "texture": "#1", "cullface": "up"},
				"west": {"uv": [12.25, 12.84375, 12.53125, 12.84375], "texture": "#1"},
				"up": {"uv": [4.95, 9.525, 3.2, 9.45], "rotation": 180, "texture": "#0"}
			}
		},
		{
			"name": "px",
			"from": [3.45, 9.675, 9.375],
			"to": [4.625, 11.05, 9.45],
			"rotation": {"angle": 0, "axis": "y", "origin": [12.025, 11.05, 16.2]},
			"faces": {
				"north": {"uv": [9.79688, 11.5, 14.17188, 13.5], "texture": "#1"},
				"east": {"uv": [7, 10.90625, 7.075, 12.90625], "texture": "#1", "cullface": "up"},
				"west": {"uv": [12.25, 12.84375, 12.53125, 12.84375], "texture": "#1"},
				"up": {"uv": [4.65, 9.45, 3.45, 9.375], "rotation": 180, "texture": "#0"}
			}
		},
		{
			"name": "px",
			"from": [9.325, 16.05, 3.775],
			"to": [14.4, 17.425, 4.1],
			"rotation": {"angle": 0, "axis": "y", "origin": [3.625, 11.05, -2.05]},
			"faces": {
				"north": {"uv": [9.79688, 11.5, 14.17188, 13.5], "texture": "#1", "cullface": "up"},
				"east": {"uv": [7, 10.90625, 7.275, 12.90625], "texture": "#1", "cullface": "up"},
				"west": {"uv": [12.25, 12.84375, 12.53125, 12.84375], "texture": "#1", "cullface": "up"},
				"up": {"uv": [1.5, 11.8, 6.575, 12.075], "texture": "#0", "cullface": "up"}
			}
		},
		{
			"name": "px",
			"from": [9.325, 16.05, 4.1],
			"to": [14.4, 17.425, 4.3],
			"rotation": {"angle": 0, "axis": "y", "origin": [3.625, 11.05, -1.95]},
			"faces": {
				"east": {"uv": [7, 10.90625, 7.2, 12.90625], "texture": "#1", "cullface": "up"},
				"south": {"uv": [2.09375, 12.25, 7.17188, 14.25], "texture": "#1", "cullface": "up"},
				"west": {"uv": [12.25, 12.84375, 12.53125, 12.84375], "texture": "#1", "cullface": "up"},
				"up": {"uv": [1.5, 12.075, 6.575, 12.275], "texture": "#0", "cullface": "up"}
			}
		},
		{
			"name": "px",
			"from": [9.35, 16.05, 4.3],
			"to": [14.375, 17.425, 4.425],
			"rotation": {"angle": 0, "axis": "y", "origin": [3.625, 11.05, -1.75]},
			"faces": {
				"east": {"uv": [7, 10.90625, 7.125, 12.90625], "texture": "#1", "cullface": "up"},
				"south": {"uv": [2.09375, 12.25, 7.17188, 14.25], "texture": "#1", "cullface": "up"},
				"west": {"uv": [12.25, 12.84375, 12.53125, 12.84375], "texture": "#1", "cullface": "up"},
				"up": {"uv": [1.525, 12.275, 6.55, 12.4], "texture": "#0", "cullface": "up"}
			}
		},
		{
			"name": "px",
			"from": [9.4, 16.05, 4.525],
			"to": [14.325, 17.425, 4.625],
			"rotation": {"angle": 0, "axis": "y", "origin": [3.625, 11.05, -1.525]},
			"faces": {
				"east": {"uv": [7, 10.90625, 7.1, 12.90625], "texture": "#1", "cullface": "up"},
				"south": {"uv": [2.09375, 12.25, 7.17188, 14.25], "texture": "#1", "cullface": "up"},
				"west": {"uv": [12.25, 12.84375, 12.53125, 12.84375], "texture": "#1", "cullface": "up"},
				"up": {"uv": [1.575, 12.5, 6.5, 12.6], "texture": "#0", "cullface": "up"}
			}
		},
		{
			"name": "px",
			"from": [9.375, 16.05, 4.425],
			"to": [14.35, 17.425, 4.525],
			"rotation": {"angle": 0, "axis": "y", "origin": [3.625, 11.05, -1.625]},
			"faces": {
				"east": {"uv": [7, 10.90625, 7.1, 12.90625], "texture": "#1", "cullface": "up"},
				"south": {"uv": [2.09375, 12.25, 7.17188, 14.25], "texture": "#1", "cullface": "up"},
				"west": {"uv": [12.25, 12.84375, 12.53125, 12.84375], "texture": "#1", "cullface": "up"},
				"up": {"uv": [1.55, 12.4, 6.525, 12.5], "texture": "#0", "cullface": "up"}
			}
		},
		{
			"name": "px",
			"from": [9.425, 16.05, 4.625],
			"to": [14.3, 17.425, 4.725],
			"rotation": {"angle": 0, "axis": "y", "origin": [3.625, 11.05, -1.425]},
			"faces": {
				"east": {"uv": [7, 10.90625, 7.1, 12.90625], "texture": "#1", "cullface": "up"},
				"south": {"uv": [2.09375, 12.25, 7.17188, 14.25], "texture": "#1", "cullface": "up"},
				"west": {"uv": [12.25, 12.84375, 12.53125, 12.84375], "texture": "#1", "cullface": "up"},
				"up": {"uv": [1.6, 12.6, 6.475, 12.7], "texture": "#0", "cullface": "up"}
			}
		},
		{
			"name": "px",
			"from": [9.5, 16.05, 4.825],
			"to": [14.25, 17.425, 4.925],
			"rotation": {"angle": 0, "axis": "y", "origin": [3.625, 11.05, -1.225]},
			"faces": {
				"east": {"uv": [7, 10.90625, 7.1, 12.90625], "texture": "#1", "cullface": "up"},
				"south": {"uv": [2.09375, 12.25, 7.17188, 14.25], "texture": "#1", "cullface": "up"},
				"west": {"uv": [12.25, 12.84375, 12.53125, 12.84375], "texture": "#1", "cullface": "up"},
				"up": {"uv": [1.675, 12.8, 6.425, 12.9], "texture": "#0", "cullface": "up"}
			}
		},
		{
			"name": "px",
			"from": [9.475, 16.05, 4.725],
			"to": [14.275, 17.425, 4.825],
			"rotation": {"angle": 0, "axis": "y", "origin": [3.625, 11.05, -1.325]},
			"faces": {
				"east": {"uv": [7, 10.90625, 7.1, 12.90625], "texture": "#1", "cullface": "up"},
				"south": {"uv": [2.09375, 12.25, 7.17188, 14.25], "texture": "#1", "cullface": "up"},
				"west": {"uv": [12.25, 12.84375, 12.53125, 12.84375], "texture": "#1", "cullface": "up"},
				"up": {"uv": [1.65, 12.7, 6.45, 12.8], "texture": "#0", "cullface": "up"}
			}
		},
		{
			"name": "px",
			"from": [9.525, 16.05, 4.925],
			"to": [14.2, 17.425, 5.025],
			"rotation": {"angle": 0, "axis": "y", "origin": [3.625, 11.05, -1.125]},
			"faces": {
				"east": {"uv": [7, 10.90625, 7.1, 12.90625], "texture": "#1", "cullface": "up"},
				"south": {"uv": [2.09375, 12.25, 7.17188, 14.25], "texture": "#1", "cullface": "up"},
				"west": {"uv": [12.25, 12.84375, 12.53125, 12.84375], "texture": "#1", "cullface": "up"},
				"up": {"uv": [1.7, 12.9, 6.375, 13], "texture": "#0", "cullface": "up"}
			}
		},
		{
			"name": "px",
			"from": [9.575, 16.05, 5.025],
			"to": [14.15, 17.425, 5.125],
			"rotation": {"angle": 0, "axis": "y", "origin": [3.625, 11.05, -1.025]},
			"faces": {
				"east": {"uv": [7, 10.90625, 7.1, 12.90625], "texture": "#1", "cullface": "up"},
				"south": {"uv": [2.09375, 12.25, 7.17188, 14.25], "texture": "#1", "cullface": "up"},
				"west": {"uv": [12.25, 12.84375, 12.53125, 12.84375], "texture": "#1", "cullface": "up"},
				"up": {"uv": [1.75, 13, 6.325, 13.1], "texture": "#0", "cullface": "up"}
			}
		},
		{
			"name": "px",
			"from": [9.625, 16.05, 5.125],
			"to": [14.1, 17.425, 5.225],
			"rotation": {"angle": 0, "axis": "y", "origin": [3.625, 11.05, -0.925]},
			"faces": {
				"east": {"uv": [7, 10.90625, 7.1, 12.90625], "texture": "#1", "cullface": "up"},
				"south": {"uv": [2.09375, 12.25, 7.17188, 14.25], "texture": "#1", "cullface": "up"},
				"west": {"uv": [12.25, 12.84375, 12.53125, 12.84375], "texture": "#1", "cullface": "up"},
				"up": {"uv": [1.8, 13.1, 6.275, 13.2], "texture": "#0", "cullface": "up"}
			}
		},
		{
			"name": "px",
			"from": [9.675, 16.05, 5.225],
			"to": [14.05, 17.425, 5.325],
			"rotation": {"angle": 0, "axis": "y", "origin": [3.625, 11.05, -0.825]},
			"faces": {
				"east": {"uv": [7, 10.90625, 7.1, 12.90625], "texture": "#1", "cullface": "up"},
				"south": {"uv": [3.15625, 13.34375, 7.53125, 13.34375], "texture": "#1", "cullface": "up"},
				"west": {"uv": [12.25, 12.84375, 12.53125, 12.84375], "texture": "#1", "cullface": "up"},
				"up": {"uv": [1.85, 13.2, 6.225, 13.3], "texture": "#0", "cullface": "up"}
			}
		},
		{
			"name": "px",
			"from": [9.725, 16.05, 5.325],
			"to": [14, 17.425, 5.425],
			"rotation": {"angle": 0, "axis": "y", "origin": [3.625, 11.05, -0.725]},
			"faces": {
				"east": {"uv": [7, 10.90625, 7.1, 12.90625], "texture": "#1", "cullface": "up"},
				"south": {"uv": [2.09375, 12.25, 7.17188, 14.25], "texture": "#1", "cullface": "up"},
				"west": {"uv": [12.25, 12.84375, 12.53125, 12.84375], "texture": "#1", "cullface": "up"},
				"up": {"uv": [1.9, 13.3, 6.175, 13.4], "texture": "#0", "cullface": "up"}
			}
		},
		{
			"name": "px",
			"from": [9.8, 16.05, 5.425],
			"to": [13.925, 17.425, 5.525],
			"rotation": {"angle": 0, "axis": "y", "origin": [3.625, 11.05, -0.625]},
			"faces": {
				"east": {"uv": [7, 10.90625, 7.1, 12.90625], "texture": "#1", "cullface": "up"},
				"south": {"uv": [2.09375, 12.25, 7.17188, 14.25], "texture": "#1", "cullface": "up"},
				"west": {"uv": [12.25, 12.84375, 12.53125, 12.84375], "texture": "#1", "cullface": "up"},
				"up": {"uv": [1.975, 13.4, 6.1, 13.5], "texture": "#0", "cullface": "up"}
			}
		},
		{
			"name": "px",
			"from": [9.875, 16.05, 5.525],
			"to": [13.85, 17.425, 5.625],
			"rotation": {"angle": 0, "axis": "y", "origin": [3.625, 11.05, -0.525]},
			"faces": {
				"east": {"uv": [7, 10.90625, 7.1, 12.90625], "texture": "#1", "cullface": "up"},
				"south": {"uv": [2.09375, 12.25, 7.17188, 14.25], "texture": "#1", "cullface": "up"},
				"west": {"uv": [12.25, 12.84375, 12.53125, 12.84375], "texture": "#1", "cullface": "up"},
				"up": {"uv": [2.05, 13.5, 6.025, 13.6], "texture": "#0", "cullface": "up"}
			}
		},
		{
			"name": "px",
			"from": [9.95, 16.05, 5.625],
			"to": [13.775, 17.425, 5.725],
			"rotation": {"angle": 0, "axis": "y", "origin": [3.625, 11.05, -0.425]},
			"faces": {
				"east": {"uv": [7, 10.90625, 7.1, 12.90625], "texture": "#1", "cullface": "up"},
				"south": {"uv": [2.09375, 12.25, 7.17188, 14.25], "texture": "#1", "cullface": "up"},
				"west": {"uv": [12.25, 12.84375, 12.53125, 12.84375], "texture": "#1", "cullface": "up"},
				"up": {"uv": [2.125, 13.6, 5.95, 13.7], "texture": "#0", "cullface": "up"}
			}
		},
		{
			"name": "px",
			"from": [10.05, 16.05, 5.725],
			"to": [13.725, 17.425, 5.825],
			"rotation": {"angle": 0, "axis": "y", "origin": [3.6, 11.05, -0.325]},
			"faces": {
				"east": {"uv": [7, 10.90625, 7.1, 12.90625], "texture": "#1", "cullface": "up"},
				"south": {"uv": [2.09375, 12.25, 7.17188, 14.25], "texture": "#1", "cullface": "up"},
				"west": {"uv": [12.25, 12.84375, 12.53125, 12.84375], "texture": "#1", "cullface": "up"},
				"up": {"uv": [2.225, 13.7, 5.9, 13.8], "texture": "#0", "cullface": "up"}
			}
		},
		{
			"name": "px",
			"from": [10.275, 16.05, 5.925],
			"to": [13.475, 17.425, 6.025],
			"rotation": {"angle": 0, "axis": "y", "origin": [3.825, 11.05, -0.325]},
			"faces": {
				"east": {"uv": [7, 10.90625, 7.1, 12.90625], "texture": "#1", "cullface": "up"},
				"south": {"uv": [2.09375, 12.25, 7.17188, 14.25], "texture": "#1", "cullface": "up"},
				"west": {"uv": [12.25, 12.84375, 12.53125, 12.84375], "texture": "#1", "cullface": "up"},
				"up": {"uv": [2.45, 13.9, 5.65, 14], "texture": "#0", "cullface": "up"}
			}
		},
		{
			"name": "px",
			"from": [10.15, 16.05, 5.825],
			"to": [13.6, 17.425, 5.925],
			"rotation": {"angle": 0, "axis": "y", "origin": [3.7, 11.05, -0.325]},
			"faces": {
				"east": {"uv": [7, 10.90625, 7.1, 12.90625], "texture": "#1", "cullface": "up"},
				"south": {"uv": [2.09375, 12.25, 7.17188, 14.25], "texture": "#1", "cullface": "up"},
				"west": {"uv": [12.25, 12.84375, 12.53125, 12.84375], "texture": "#1", "cullface": "up"},
				"up": {"uv": [2.325, 13.8, 5.775, 13.9], "texture": "#0", "cullface": "up"}
			}
		},
		{
			"name": "px",
			"from": [10.425, 16.05, 6.025],
			"to": [13.375, 17.425, 6.125],
			"rotation": {"angle": 0, "axis": "y", "origin": [3.975, 11.05, -0.325]},
			"faces": {
				"east": {"uv": [7, 10.90625, 7.1, 12.90625], "texture": "#1", "cullface": "up"},
				"south": {"uv": [2.09375, 12.25, 7.17188, 14.25], "texture": "#1", "cullface": "up"},
				"west": {"uv": [12.25, 12.84375, 12.53125, 12.84375], "texture": "#1", "cullface": "up"},
				"up": {"uv": [2.6, 14, 5.55, 14.1], "texture": "#0", "cullface": "up"}
			}
		},
		{
			"name": "px",
			"from": [10.55, 16.05, 6.125],
			"to": [13.25, 17.425, 6.225],
			"rotation": {"angle": 0, "axis": "y", "origin": [3.85, 11.05, -0.325]},
			"faces": {
				"east": {"uv": [7, 10.90625, 7.1, 12.90625], "texture": "#1", "cullface": "up"},
				"south": {"uv": [2.09375, 12.25, 7.17188, 14.25], "texture": "#1", "cullface": "up"},
				"west": {"uv": [12.25, 12.84375, 12.53125, 12.84375], "texture": "#1", "cullface": "up"},
				"up": {"uv": [2.725, 14.1, 5.425, 14.2], "texture": "#0", "cullface": "up"}
			}
		},
		{
			"name": "px",
			"from": [10.775, 16.05, 6.225],
			"to": [13, 17.425, 6.325],
			"rotation": {"angle": 0, "axis": "y", "origin": [3.85, 11.05, -0.325]},
			"faces": {
				"east": {"uv": [7, 10.90625, 7.1, 12.90625], "texture": "#1", "cullface": "up"},
				"south": {"uv": [2.09375, 12.25, 7.17188, 14.25], "texture": "#1", "cullface": "up"},
				"west": {"uv": [12.25, 12.84375, 12.53125, 12.84375], "texture": "#1", "cullface": "up"},
				"up": {"uv": [2.95, 14.2, 5.175, 14.3], "texture": "#0", "cullface": "up"}
			}
		},
		{
			"name": "px",
			"from": [11, 16.05, 6.325],
			"to": [12.75, 17.425, 6.4],
			"rotation": {"angle": 0, "axis": "y", "origin": [3.85, 11.05, -0.325]},
			"faces": {
				"east": {"uv": [7, 10.90625, 7.075, 12.90625], "texture": "#1", "cullface": "up"},
				"south": {"uv": [2.09375, 12.25, 7.17188, 14.25], "texture": "#1", "cullface": "up"},
				"west": {"uv": [12.25, 12.84375, 12.53125, 12.84375], "texture": "#1", "cullface": "up"},
				"up": {"uv": [3.175, 14.3, 4.925, 14.375], "texture": "#0", "cullface": "up"}
			}
		},
		{
			"name": "px",
			"from": [11.3, 16.05, 6.4],
			"to": [12.5, 17.425, 6.475],
			"rotation": {"angle": 0, "axis": "y", "origin": [3.85, 11.05, -0.35]},
			"faces": {
				"east": {"uv": [7, 10.90625, 7.075, 12.90625], "texture": "#1", "cullface": "up"},
				"south": {"uv": [2.09375, 12.25, 7.17188, 14.25], "texture": "#1", "cullface": "up"},
				"west": {"uv": [12.25, 12.84375, 12.53125, 12.84375], "texture": "#1", "cullface": "up"},
				"up": {"uv": [3.475, 14.375, 4.675, 14.45], "texture": "#0", "cullface": "up"}
			}
		},
		{
			"name": "px",
			"from": [9.375, 16.05, 3.575],
			"to": [14.425, 17.425, 3.775],
			"rotation": {"angle": 0, "axis": "y", "origin": [20.075, 11.05, 9.825]},
			"faces": {
				"north": {"uv": [9.79688, 11.5, 14.17188, 13.5], "texture": "#1", "cullface": "up"},
				"east": {"uv": [7, 10.90625, 7.2, 12.90625], "texture": "#1", "cullface": "up"},
				"south": {"uv": [3.45313, 4.04688, 12, 7.04688], "texture": "#1", "cullface": "up"},
				"west": {"uv": [12.25, 12.84375, 12.53125, 12.84375], "texture": "#1", "cullface": "up"},
				"up": {"uv": [6.625, 11.75, 1.55, 11.55], "rotation": 180, "texture": "#0", "cullface": "up"}
			}
		},
		{
			"name": "px",
			"from": [9.4, 16.05, 3.45],
			"to": [14.4, 17.425, 3.575],
			"rotation": {"angle": 0, "axis": "y", "origin": [20.075, 11.05, 9.625]},
			"faces": {
				"north": {"uv": [9.79688, 11.5, 14.17188, 13.5], "texture": "#1", "cullface": "up"},
				"east": {"uv": [7, 10.90625, 7.125, 12.90625], "texture": "#1", "cullface": "up"},
				"west": {"uv": [12.25, 12.84375, 12.53125, 12.84375], "texture": "#1", "cullface": "up"},
				"up": {"uv": [6.6, 11.55, 1.575, 11.425], "rotation": 180, "texture": "#0", "cullface": "up"}
			}
		},
		{
			"name": "px",
			"from": [9.45, 16.05, 3.25],
			"to": [14.35, 17.425, 3.35],
			"rotation": {"angle": 0, "axis": "y", "origin": [20.075, 11.05, 9.4]},
			"faces": {
				"north": {"uv": [9.79688, 11.5, 14.17188, 13.5], "texture": "#1", "cullface": "up"},
				"east": {"uv": [7, 10.90625, 7.1, 12.90625], "texture": "#1", "cullface": "up"},
				"west": {"uv": [12.25, 12.84375, 12.53125, 12.84375], "texture": "#1", "cullface": "up"},
				"up": {"uv": [6.55, 11.325, 1.625, 11.225], "rotation": 180, "texture": "#0", "cullface": "up"}
			}
		},
		{
			"name": "px",
			"from": [9.425, 16.05, 3.35],
			"to": [14.375, 17.425, 3.45],
			"rotation": {"angle": 0, "axis": "y", "origin": [20.075, 11.05, 9.5]},
			"faces": {
				"north": {"uv": [9.79688, 11.5, 14.17188, 13.5], "texture": "#1", "cullface": "up"},
				"east": {"uv": [7, 10.90625, 7.1, 12.90625], "texture": "#1", "cullface": "up"},
				"west": {"uv": [12.25, 12.84375, 12.53125, 12.84375], "texture": "#1", "cullface": "up"},
				"up": {"uv": [6.575, 11.425, 1.6, 11.325], "rotation": 180, "texture": "#0", "cullface": "up"}
			}
		},
		{
			"name": "px",
			"from": [9.475, 16.05, 3.15],
			"to": [14.325, 17.425, 3.25],
			"rotation": {"angle": 0, "axis": "y", "origin": [20.075, 11.05, 9.3]},
			"faces": {
				"north": {"uv": [9.79688, 11.5, 14.17188, 13.5], "texture": "#1", "cullface": "up"},
				"east": {"uv": [7, 10.90625, 7.1, 12.90625], "texture": "#1", "cullface": "up"},
				"west": {"uv": [12.25, 12.84375, 12.53125, 12.84375], "texture": "#1", "cullface": "up"},
				"up": {"uv": [6.525, 11.225, 1.65, 11.125], "rotation": 180, "texture": "#0", "cullface": "up"}
			}
		},
		{
			"name": "px",
			"from": [9.525, 16.05, 2.95],
			"to": [14.25, 17.425, 3.05],
			"rotation": {"angle": 0, "axis": "y", "origin": [20.075, 11.05, 9.1]},
			"faces": {
				"north": {"uv": [9.79688, 11.5, 14.17188, 13.5], "texture": "#1", "cullface": "up"},
				"east": {"uv": [7, 10.90625, 7.1, 12.90625], "texture": "#1", "cullface": "up"},
				"west": {"uv": [12.25, 12.84375, 12.53125, 12.84375], "texture": "#1", "cullface": "up"},
				"up": {"uv": [6.45, 11.025, 1.7, 10.925], "rotation": 180, "texture": "#0", "cullface": "up"}
			}
		},
		{
			"name": "px",
			"from": [9.5, 16.05, 3.05],
			"to": [14.275, 17.425, 3.15],
			"rotation": {"angle": 0, "axis": "y", "origin": [20.075, 11.05, 9.2]},
			"faces": {
				"north": {"uv": [9.79688, 11.5, 14.17188, 13.5], "texture": "#1", "cullface": "up"},
				"east": {"uv": [7, 10.90625, 7.1, 12.90625], "texture": "#1", "cullface": "up"},
				"west": {"uv": [12.25, 12.84375, 12.53125, 12.84375], "texture": "#1", "cullface": "up"},
				"up": {"uv": [6.475, 11.125, 1.675, 11.025], "rotation": 180, "texture": "#0", "cullface": "up"}
			}
		},
		{
			"name": "px",
			"from": [9.575, 16.05, 2.85],
			"to": [14.225, 17.425, 2.95],
			"rotation": {"angle": 0, "axis": "y", "origin": [20.075, 11.05, 9]},
			"faces": {
				"north": {"uv": [9.79688, 11.5, 14.17188, 13.5], "texture": "#1", "cullface": "up"},
				"east": {"uv": [7, 10.90625, 7.1, 12.90625], "texture": "#1", "cullface": "up"},
				"west": {"uv": [12.25, 12.84375, 12.53125, 12.84375], "texture": "#1", "cullface": "up"},
				"up": {"uv": [6.425, 10.925, 1.75, 10.825], "rotation": 180, "texture": "#0", "cullface": "up"}
			}
		},
		{
			"name": "px",
			"from": [9.625, 16.05, 2.75],
			"to": [14.175, 17.425, 2.85],
			"rotation": {"angle": 0, "axis": "y", "origin": [20.075, 11.05, 8.9]},
			"faces": {
				"north": {"uv": [9.79688, 11.5, 14.17188, 13.5], "texture": "#1", "cullface": "up"},
				"east": {"uv": [7, 10.90625, 7.1, 12.90625], "texture": "#1", "cullface": "up"},
				"west": {"uv": [12.25, 12.84375, 12.53125, 12.84375], "texture": "#1", "cullface": "up"},
				"up": {"uv": [6.375, 10.825, 1.8, 10.725], "rotation": 180, "texture": "#0", "cullface": "up"}
			}
		},
		{
			"name": "px",
			"from": [9.675, 16.05, 2.65],
			"to": [14.125, 17.425, 2.75],
			"rotation": {"angle": 0, "axis": "y", "origin": [20.075, 11.05, 8.8]},
			"faces": {
				"north": {"uv": [9.79688, 11.5, 14.17188, 13.5], "texture": "#1", "cullface": "up"},
				"east": {"uv": [7, 10.90625, 7.1, 12.90625], "texture": "#1", "cullface": "up"},
				"west": {"uv": [12.25, 12.84375, 12.53125, 12.84375], "texture": "#1", "cullface": "up"},
				"up": {"uv": [6.325, 10.725, 1.85, 10.625], "rotation": 180, "texture": "#0", "cullface": "up"}
			}
		},
		{
			"name": "px",
			"from": [9.725, 16.05, 2.55],
			"to": [14.075, 17.425, 2.65],
			"rotation": {"angle": 0, "axis": "y", "origin": [20.075, 11.05, 8.7]},
			"faces": {
				"north": {"uv": [9.79688, 11.5, 14.17188, 13.5], "texture": "#1", "cullface": "up"},
				"east": {"uv": [7, 10.90625, 7.1, 12.90625], "texture": "#1", "cullface": "up"},
				"west": {"uv": [12.25, 12.84375, 12.53125, 12.84375], "texture": "#1", "cullface": "up"},
				"up": {"uv": [6.275, 10.625, 1.9, 10.525], "rotation": 180, "texture": "#0", "cullface": "up"}
			}
		},
		{
			"name": "px",
			"from": [9.775, 16.05, 2.45],
			"to": [14.025, 17.425, 2.55],
			"rotation": {"angle": 0, "axis": "y", "origin": [20.075, 11.05, 8.6]},
			"faces": {
				"north": {"uv": [9.79688, 11.5, 14.17188, 13.5], "texture": "#1", "cullface": "up"},
				"east": {"uv": [7, 10.90625, 7.1, 12.90625], "texture": "#1"},
				"west": {"uv": [12.25, 12.84375, 12.53125, 12.84375], "texture": "#1", "cullface": "up"},
				"up": {"uv": [6.225, 10.525, 1.95, 10.425], "rotation": 180, "texture": "#0", "cullface": "up"}
			}
		},
		{
			"name": "px",
			"from": [9.85, 16.05, 2.35],
			"to": [13.95, 17.425, 2.45],
			"rotation": {"angle": 0, "axis": "y", "origin": [20.075, 11.05, 8.5]},
			"faces": {
				"north": {"uv": [9.79688, 11.5, 14.17188, 13.5], "texture": "#1", "cullface": "up"},
				"east": {"uv": [7, 10.90625, 7.1, 12.90625], "texture": "#1"},
				"west": {"uv": [12.25, 12.84375, 12.53125, 12.84375], "texture": "#1", "cullface": "up"},
				"up": {"uv": [6.15, 10.425, 2.025, 10.325], "rotation": 180, "texture": "#0", "cullface": "up"}
			}
		},
		{
			"name": "px",
			"from": [9.925, 16.05, 2.25],
			"to": [13.875, 17.425, 2.35],
			"rotation": {"angle": 0, "axis": "y", "origin": [20.075, 11.05, 8.4]},
			"faces": {
				"north": {"uv": [9.79688, 11.5, 14.17188, 13.5], "texture": "#1", "cullface": "up"},
				"east": {"uv": [7, 10.90625, 7.1, 12.90625], "texture": "#1"},
				"west": {"uv": [12.25, 12.84375, 12.53125, 12.84375], "texture": "#1", "cullface": "up"},
				"up": {"uv": [6.075, 10.325, 2.1, 10.225], "rotation": 180, "texture": "#0", "cullface": "up"}
			}
		},
		{
			"name": "px",
			"from": [10, 16.05, 2.15],
			"to": [13.8, 17.425, 2.25],
			"rotation": {"angle": 0, "axis": "y", "origin": [20.075, 11.05, 8.3]},
			"faces": {
				"north": {"uv": [9.79688, 11.5, 14.17188, 13.5], "texture": "#1", "cullface": "up"},
				"east": {"uv": [7, 10.90625, 7.1, 12.90625], "texture": "#1"},
				"west": {"uv": [12.25, 12.84375, 12.53125, 12.84375], "texture": "#1", "cullface": "up"},
				"up": {"uv": [6, 10.225, 2.175, 10.125], "rotation": 180, "texture": "#0", "cullface": "up"}
			}
		},
		{
			"name": "px",
			"from": [10.05, 16.05, 2.05],
			"to": [13.7, 17.425, 2.15],
			"rotation": {"angle": 0, "axis": "y", "origin": [20.1, 11.05, 8.2]},
			"faces": {
				"north": {"uv": [9.79688, 11.5, 14.17188, 13.5], "texture": "#1", "cullface": "up"},
				"east": {"uv": [7, 10.90625, 7.1, 12.90625], "texture": "#1"},
				"west": {"uv": [12.25, 12.84375, 12.53125, 12.84375], "texture": "#1", "cullface": "up"},
				"up": {"uv": [5.9, 10.125, 2.225, 10.025], "rotation": 180, "texture": "#0", "cullface": "up"}
			}
		},
		{
			"name": "px",
			"from": [10.3, 16.05, 1.85],
			"to": [13.475, 17.425, 1.95],
			"rotation": {"angle": 0, "axis": "y", "origin": [19.875, 11.05, 8.2]},
			"faces": {
				"north": {"uv": [9.79688, 11.5, 14.17188, 13.5], "texture": "#1", "cullface": "up"},
				"east": {"uv": [7, 10.90625, 7.1, 12.90625], "texture": "#1", "cullface": "up"},
				"west": {"uv": [12.25, 12.84375, 12.53125, 12.84375], "texture": "#1", "cullface": "up"},
				"up": {"uv": [5.675, 9.925, 2.475, 9.825], "rotation": 180, "texture": "#0", "cullface": "up"}
			}
		},
		{
			"name": "px",
			"from": [10.175, 16.05, 1.95],
			"to": [13.6, 17.425, 2.05],
			"rotation": {"angle": 0, "axis": "y", "origin": [20, 11.05, 8.2]},
			"faces": {
				"north": {"uv": [9.79688, 11.5, 14.17188, 13.5], "texture": "#1", "cullface": "up"},
				"east": {"uv": [7, 10.90625, 7.1, 12.90625], "texture": "#1", "cullface": "up"},
				"west": {"uv": [12.25, 12.84375, 12.53125, 12.84375], "texture": "#1", "cullface": "up"},
				"up": {"uv": [5.8, 10.025, 2.35, 9.925], "rotation": 180, "texture": "#0", "cullface": "up"}
			}
		},
		{
			"name": "px",
			"from": [10.4, 16.05, 1.75],
			"to": [13.325, 17.425, 1.85],
			"rotation": {"angle": 0, "axis": "y", "origin": [19.725, 11.05, 8.2]},
			"faces": {
				"north": {"uv": [9.79688, 11.5, 14.17188, 13.5], "texture": "#1", "cullface": "up"},
				"east": {"uv": [7, 10.90625, 7.1, 12.90625], "texture": "#1", "cullface": "up"},
				"west": {"uv": [12.25, 12.84375, 12.53125, 12.84375], "texture": "#1", "cullface": "up"},
				"up": {"uv": [5.525, 9.825, 2.575, 9.725], "rotation": 180, "texture": "#0", "cullface": "up"}
			}
		},
		{
			"name": "px",
			"from": [10.525, 16.05, 1.65],
			"to": [13.2, 17.425, 1.75],
			"rotation": {"angle": 0, "axis": "y", "origin": [19.85, 11.05, 8.2]},
			"faces": {
				"north": {"uv": [9.79688, 11.5, 14.17188, 13.5], "texture": "#1", "cullface": "up"},
				"east": {"uv": [7, 10.90625, 7.1, 12.90625], "texture": "#1", "cullface": "up"},
				"west": {"uv": [12.25, 12.84375, 12.53125, 12.84375], "texture": "#1", "cullface": "up"},
				"up": {"uv": [5.4, 9.725, 2.7, 9.625], "rotation": 180, "texture": "#0", "cullface": "up"}
			}
		},
		{
			"name": "px",
			"from": [10.775, 16.05, 1.55],
			"to": [12.975, 17.425, 1.65],
			"rotation": {"angle": 0, "axis": "y", "origin": [19.85, 11.05, 8.2]},
			"faces": {
				"north": {"uv": [9.79688, 11.5, 14.17188, 13.5], "texture": "#1", "cullface": "up"},
				"east": {"uv": [7, 10.90625, 7.1, 12.90625], "texture": "#1", "cullface": "up"},
				"west": {"uv": [12.25, 12.84375, 12.53125, 12.84375], "texture": "#1", "cullface": "up"},
				"up": {"uv": [5.175, 9.625, 2.95, 9.525], "rotation": 180, "texture": "#0", "cullface": "up"}
			}
		},
		{
			"name": "px",
			"from": [11.025, 16.05, 1.475],
			"to": [12.75, 17.425, 1.55],
			"rotation": {"angle": 0, "axis": "y", "origin": [19.85, 11.05, 8.2]},
			"faces": {
				"north": {"uv": [9.79688, 11.5, 14.17188, 13.5], "texture": "#1", "cullface": "up"},
				"east": {"uv": [7, 10.90625, 7.075, 12.90625], "texture": "#1", "cullface": "up"},
				"west": {"uv": [12.25, 12.84375, 12.53125, 12.84375], "texture": "#1", "cullface": "up"},
				"up": {"uv": [4.95, 9.525, 3.2, 9.45], "rotation": 180, "texture": "#0", "cullface": "up"}
			}
		},
		{
			"name": "px",
			"from": [11.275, 16.05, 1.4],
			"to": [12.45, 17.425, 1.475],
			"rotation": {"angle": 0, "axis": "y", "origin": [19.85, 11.05, 8.225]},
			"faces": {
				"north": {"uv": [9.79688, 11.5, 14.17188, 13.5], "texture": "#1", "cullface": "up"},
				"east": {"uv": [7, 10.90625, 7.075, 12.90625], "texture": "#1", "cullface": "up"},
				"west": {"uv": [12.25, 12.84375, 12.53125, 12.84375], "texture": "#1", "cullface": "up"},
				"up": {"uv": [4.65, 9.45, 3.45, 9.375], "rotation": 180, "texture": "#0", "cullface": "up"}
			}
		},
		{
			"name": "px",
			"from": [1.5, 9.675, 3.55],
			"to": [6.6, 11.05, 3.75],
			"rotation": {"angle": 0, "axis": "y", "origin": [12.3, 11.05, 9.8]},
			"faces": {
				"north": {"uv": [9.79688, 11.5, 14.17188, 13.5], "texture": "#1"},
				"east": {"uv": [7, 10.90625, 7.2, 12.90625], "texture": "#1", "cullface": "up"},
				"west": {"uv": [12.25, 12.84375, 12.53125, 12.84375], "texture": "#1"},
				"up": {"uv": [6.6, 3.75, 1.525, 3.55], "rotation": 180, "texture": "#0"}
			}
		},
		{
			"name": "px",
			"from": [1.525, 9.675, 3.425],
			"to": [6.575, 11.05, 3.55],
			"rotation": {"angle": 0, "axis": "y", "origin": [12.3, 11.05, 9.6]},
			"faces": {
				"north": {"uv": [9.79688, 11.5, 14.17188, 13.5], "texture": "#1"},
				"east": {"uv": [7, 10.90625, 7.125, 12.90625], "texture": "#1", "cullface": "up"},
				"west": {"uv": [12.25, 12.84375, 12.53125, 12.84375], "texture": "#1"},
				"up": {"uv": [6.575, 3.55, 1.55, 3.425], "rotation": 180, "texture": "#0"}
			}
		},
		{
			"name": "px",
			"from": [1.575, 9.675, 3.225],
			"to": [6.525, 11.05, 3.325],
			"rotation": {"angle": 0, "axis": "y", "origin": [12.3, 11.05, 9.375]},
			"faces": {
				"north": {"uv": [9.79688, 11.5, 14.17188, 13.5], "texture": "#1"},
				"east": {"uv": [7, 10.90625, 7.1, 12.90625], "texture": "#1", "cullface": "up"},
				"west": {"uv": [12.25, 12.84375, 12.53125, 12.84375], "texture": "#1"},
				"up": {"uv": [6.525, 3.325, 1.6, 3.225], "rotation": 180, "texture": "#0"}
			}
		},
		{
			"name": "px",
			"from": [1.55, 9.675, 3.325],
			"to": [6.55, 11.05, 3.425],
			"rotation": {"angle": 0, "axis": "y", "origin": [12.3, 11.05, 9.475]},
			"faces": {
				"north": {"uv": [9.79688, 11.5, 14.17188, 13.5], "texture": "#1"},
				"east": {"uv": [7, 10.90625, 7.1, 12.90625], "texture": "#1", "cullface": "up"},
				"west": {"uv": [12.25, 12.84375, 12.53125, 12.84375], "texture": "#1"},
				"up": {"uv": [6.55, 3.425, 1.575, 3.325], "rotation": 180, "texture": "#0"}
			}
		},
		{
			"name": "px",
			"from": [1.6, 9.675, 3.125],
			"to": [6.5, 11.05, 3.225],
			"rotation": {"angle": 0, "axis": "y", "origin": [12.3, 11.05, 9.275]},
			"faces": {
				"north": {"uv": [9.79688, 11.5, 14.17188, 13.5], "texture": "#1"},
				"east": {"uv": [7, 10.90625, 7.1, 12.90625], "texture": "#1", "cullface": "up"},
				"west": {"uv": [12.25, 12.84375, 12.53125, 12.84375], "texture": "#1"},
				"up": {"uv": [6.5, 3.225, 1.625, 3.125], "rotation": 180, "texture": "#0"}
			}
		},
		{
			"name": "px",
			"from": [1.65, 9.675, 2.925],
			"to": [6.425, 11.05, 3.025],
			"rotation": {"angle": 0, "axis": "y", "origin": [12.3, 11.05, 9.075]},
			"faces": {
				"north": {"uv": [9.79688, 11.5, 14.17188, 13.5], "texture": "#1"},
				"east": {"uv": [7, 10.90625, 7.1, 12.90625], "texture": "#1", "cullface": "up"},
				"west": {"uv": [12.25, 12.84375, 12.53125, 12.84375], "texture": "#1"},
				"up": {"uv": [6.425, 3.025, 1.675, 2.925], "rotation": 180, "texture": "#0"}
			}
		},
		{
			"name": "px",
			"from": [1.625, 9.675, 3.025],
			"to": [6.45, 11.05, 3.125],
			"rotation": {"angle": 0, "axis": "y", "origin": [12.3, 11.05, 9.175]},
			"faces": {
				"north": {"uv": [9.79688, 11.5, 14.17188, 13.5], "texture": "#1"},
				"east": {"uv": [7, 10.90625, 7.1, 12.90625], "texture": "#1", "cullface": "up"},
				"west": {"uv": [12.25, 12.84375, 12.53125, 12.84375], "texture": "#1"},
				"up": {"uv": [6.45, 3.125, 1.65, 3.025], "rotation": 180, "texture": "#0"}
			}
		},
		{
			"name": "px",
			"from": [1.7, 9.675, 2.825],
			"to": [6.4, 11.05, 2.925],
			"rotation": {"angle": 0, "axis": "y", "origin": [12.3, 11.05, 8.975]},
			"faces": {
				"north": {"uv": [9.79688, 11.5, 14.17188, 13.5], "texture": "#1"},
				"east": {"uv": [7, 10.90625, 7.1, 12.90625], "texture": "#1", "cullface": "up"},
				"west": {"uv": [12.25, 12.84375, 12.53125, 12.84375], "texture": "#1"},
				"up": {"uv": [6.4, 2.925, 1.725, 2.825], "rotation": 180, "texture": "#0"}
			}
		},
		{
			"name": "px",
			"from": [1.75, 9.675, 2.725],
			"to": [6.35, 11.05, 2.825],
			"rotation": {"angle": 0, "axis": "y", "origin": [12.3, 11.05, 8.875]},
			"faces": {
				"north": {"uv": [9.79688, 11.5, 14.17188, 13.5], "texture": "#1"},
				"east": {"uv": [7, 10.90625, 7.1, 12.90625], "texture": "#1", "cullface": "up"},
				"west": {"uv": [12.25, 12.84375, 12.53125, 12.84375], "texture": "#1"},
				"up": {"uv": [6.35, 2.825, 1.775, 2.725], "rotation": 180, "texture": "#0"}
			}
		},
		{
			"name": "px",
			"from": [1.8, 9.675, 2.625],
			"to": [6.3, 11.05, 2.725],
			"rotation": {"angle": 0, "axis": "y", "origin": [12.3, 11.05, 8.775]},
			"faces": {
				"north": {"uv": [9.79688, 11.5, 14.17188, 13.5], "texture": "#1"},
				"east": {"uv": [7, 10.90625, 7.1, 12.90625], "texture": "#1", "cullface": "up"},
				"west": {"uv": [12.25, 12.84375, 12.53125, 12.84375], "texture": "#1"},
				"up": {"uv": [6.3, 2.725, 1.825, 2.625], "rotation": 180, "texture": "#0"}
			}
		},
		{
			"name": "px",
			"from": [1.85, 9.675, 2.525],
			"to": [6.25, 11.05, 2.625],
			"rotation": {"angle": 0, "axis": "y", "origin": [12.3, 11.05, 8.675]},
			"faces": {
				"north": {"uv": [9.79688, 11.5, 14.17188, 13.5], "texture": "#1"},
				"east": {"uv": [7, 10.90625, 7.1, 12.90625], "texture": "#1", "cullface": "up"},
				"west": {"uv": [12.25, 12.84375, 12.53125, 12.84375], "texture": "#1"},
				"up": {"uv": [6.25, 2.625, 1.875, 2.525], "rotation": 180, "texture": "#0"}
			}
		},
		{
			"name": "px",
			"from": [1.9, 9.675, 2.425],
			"to": [6.2, 11.05, 2.525],
			"rotation": {"angle": 0, "axis": "y", "origin": [12.3, 11.05, 8.575]},
			"faces": {
				"north": {"uv": [9.79688, 11.5, 14.17188, 13.5], "texture": "#1"},
				"east": {"uv": [7, 10.90625, 7.1, 12.90625], "texture": "#1"},
				"west": {"uv": [12.25, 12.84375, 12.53125, 12.84375], "texture": "#1"},
				"up": {"uv": [6.2, 2.525, 1.925, 2.425], "rotation": 180, "texture": "#0"}
			}
		},
		{
			"name": "px",
			"from": [1.975, 9.675, 2.325],
			"to": [6.125, 11.05, 2.425],
			"rotation": {"angle": 0, "axis": "y", "origin": [12.3, 11.05, 8.475]},
			"faces": {
				"north": {"uv": [9.79688, 11.5, 14.17188, 13.5], "texture": "#1"},
				"east": {"uv": [7, 10.90625, 7.1, 12.90625], "texture": "#1"},
				"west": {"uv": [12.25, 12.84375, 12.53125, 12.84375], "texture": "#1"},
				"up": {"uv": [6.125, 2.425, 2, 2.325], "rotation": 180, "texture": "#0"}
			}
		},
		{
			"name": "px",
			"from": [2.05, 9.675, 2.225],
			"to": [6.05, 11.05, 2.325],
			"rotation": {"angle": 0, "axis": "y", "origin": [12.3, 11.05, 8.375]},
			"faces": {
				"north": {"uv": [9.79688, 11.5, 14.17188, 13.5], "texture": "#1"},
				"east": {"uv": [7, 10.90625, 7.1, 12.90625], "texture": "#1"},
				"west": {"uv": [12.25, 12.84375, 12.53125, 12.84375], "texture": "#1"},
				"up": {"uv": [6.05, 2.325, 2.075, 2.225], "rotation": 180, "texture": "#0"}
			}
		},
		{
			"name": "px",
			"from": [2.125, 9.675, 2.125],
			"to": [5.975, 11.05, 2.225],
			"rotation": {"angle": 0, "axis": "y", "origin": [12.3, 11.05, 8.275]},
			"faces": {
				"north": {"uv": [9.79688, 11.5, 14.17188, 13.5], "texture": "#1"},
				"east": {"uv": [7, 10.90625, 7.1, 12.90625], "texture": "#1"},
				"west": {"uv": [12.25, 12.84375, 12.53125, 12.84375], "texture": "#1"},
				"up": {"uv": [5.975, 2.225, 2.15, 2.125], "rotation": 180, "texture": "#0"}
			}
		},
		{
			"name": "px",
			"from": [2.175, 9.675, 2.025],
			"to": [5.875, 11.05, 2.125],
			"rotation": {"angle": 0, "axis": "y", "origin": [12.325, 11.05, 8.175]},
			"faces": {
				"north": {"uv": [9.79688, 11.5, 14.17188, 13.5], "texture": "#1"},
				"east": {"uv": [7, 10.90625, 7.1, 12.90625], "texture": "#1"},
				"west": {"uv": [12.25, 12.84375, 12.53125, 12.84375], "texture": "#1"},
				"up": {"uv": [5.875, 2.125, 2.2, 2.025], "rotation": 180, "texture": "#0"}
			}
		},
		{
			"name": "px",
			"from": [2.425, 9.675, 1.825],
			"to": [5.65, 11.05, 1.925],
			"rotation": {"angle": 0, "axis": "y", "origin": [12.1, 11.05, 8.175]},
			"faces": {
				"north": {"uv": [9.79688, 11.5, 14.17188, 13.5], "texture": "#1"},
				"east": {"uv": [7, 10.90625, 7.1, 12.90625], "texture": "#1"},
				"west": {"uv": [12.25, 12.84375, 12.53125, 12.84375], "texture": "#1"},
				"up": {"uv": [5.65, 1.925, 2.45, 1.825], "rotation": 180, "texture": "#0"}
			}
		},
		{
			"name": "px",
			"from": [2.3, 9.675, 1.925],
			"to": [5.775, 11.05, 2.025],
			"rotation": {"angle": 0, "axis": "y", "origin": [12.225, 11.05, 8.175]},
			"faces": {
				"north": {"uv": [9.79688, 11.5, 14.17188, 13.5], "texture": "#1"},
				"east": {"uv": [7, 10.90625, 7.1, 12.90625], "texture": "#1"},
				"west": {"uv": [12.25, 12.84375, 12.53125, 12.84375], "texture": "#1"},
				"up": {"uv": [5.775, 2.025, 2.325, 1.925], "rotation": 180, "texture": "#0"}
			}
		},
		{
			"name": "px",
			"from": [2.525, 9.675, 1.725],
			"to": [5.5, 11.05, 1.825],
			"rotation": {"angle": 0, "axis": "y", "origin": [11.95, 11.05, 8.175]},
			"faces": {
				"north": {"uv": [9.79688, 11.5, 14.17188, 13.5], "texture": "#1"},
				"east": {"uv": [7, 10.90625, 7.1, 12.90625], "texture": "#1"},
				"west": {"uv": [12.25, 12.84375, 12.53125, 12.84375], "texture": "#1"},
				"up": {"uv": [5.5, 1.825, 2.55, 1.725], "rotation": 180, "texture": "#0"}
			}
		},
		{
			"name": "px",
			"from": [2.65, 9.675, 1.625],
			"to": [5.375, 11.05, 1.725],
			"rotation": {"angle": 0, "axis": "y", "origin": [12.075, 11.05, 8.175]},
			"faces": {
				"north": {"uv": [9.79688, 11.5, 14.17188, 13.5], "texture": "#1"},
				"east": {"uv": [7, 10.90625, 7.1, 12.90625], "texture": "#1"},
				"west": {"uv": [12.25, 12.84375, 12.53125, 12.84375], "texture": "#1"},
				"up": {"uv": [5.375, 1.725, 2.675, 1.625], "rotation": 180, "texture": "#0"}
			}
		},
		{
			"name": "px",
			"from": [2.9, 9.675, 1.525],
			"to": [5.15, 11.05, 1.625],
			"rotation": {"angle": 0, "axis": "y", "origin": [12.075, 11.05, 8.175]},
			"faces": {
				"north": {"uv": [9.79688, 11.5, 14.17188, 13.5], "texture": "#1"},
				"east": {"uv": [7, 10.90625, 7.1, 12.90625], "texture": "#1"},
				"west": {"uv": [12.25, 12.84375, 12.53125, 12.84375], "texture": "#1"},
				"up": {"uv": [5.15, 1.625, 2.925, 1.525], "rotation": 180, "texture": "#0"}
			}
		},
		{
			"name": "px",
			"from": [3.15, 9.675, 1.45],
			"to": [4.925, 11.05, 1.525],
			"rotation": {"angle": 0, "axis": "y", "origin": [12.075, 11.05, 8.175]},
			"faces": {
				"north": {"uv": [9.79688, 11.5, 14.17188, 13.5], "texture": "#1"},
				"east": {"uv": [7, 10.90625, 7.075, 12.90625], "texture": "#1"},
				"west": {"uv": [12.25, 12.84375, 12.53125, 12.84375], "texture": "#1"},
				"up": {"uv": [4.925, 1.525, 3.175, 1.45], "rotation": 180, "texture": "#0"}
			}
		},
		{
			"name": "px",
			"from": [3.4, 9.675, 1.375],
			"to": [4.625, 11.05, 1.45],
			"rotation": {"angle": 0, "axis": "y", "origin": [12.075, 11.05, 8.2]},
			"faces": {
				"north": {"uv": [9.79688, 11.5, 14.17188, 13.5], "texture": "#1"},
				"east": {"uv": [7, 10.90625, 7.075, 12.90625], "texture": "#1"},
				"west": {"uv": [12.25, 12.84375, 12.53125, 12.84375], "texture": "#1"},
				"up": {"uv": [4.625, 1.45, 3.425, 1.375], "rotation": 180, "texture": "#0"}
			}
		},
		{
			"name": "px",
			"from": [1.5, 9.675, 3.75],
			"to": [6.575, 11.05, 4.125],
			"rotation": {"angle": 0, "axis": "y", "origin": [-4.2, 11.05, -2.025]},
			"faces": {
				"east": {"uv": [7, 10.90625, 7.275, 12.90625], "texture": "#1", "cullface": "up"},
				"west": {"uv": [12.25, 12.84375, 12.53125, 12.84375], "texture": "#1"},
				"up": {"uv": [1.5, 3.85, 6.575, 4.125], "texture": "#0"}
			}
		},
		{
			"name": "px",
			"from": [1.5, 9.675, 4.125],
			"to": [6.575, 11.05, 4.325],
			"rotation": {"angle": 0, "axis": "y", "origin": [-4.2, 11.05, -1.925]},
			"faces": {
				"east": {"uv": [7, 10.90625, 7.2, 12.90625], "texture": "#1", "cullface": "up"},
				"south": {"uv": [2.09375, 12.25, 7.17188, 14.25], "texture": "#1"},
				"west": {"uv": [12.25, 12.84375, 12.53125, 12.84375], "texture": "#1"},
				"up": {"uv": [1.5, 4.125, 6.575, 4.325], "texture": "#0"}
			}
		},
		{
			"name": "px",
			"from": [1.525, 9.675, 4.325],
			"to": [6.55, 11.05, 4.45],
			"rotation": {"angle": 0, "axis": "y", "origin": [-4.2, 11.05, -1.725]},
			"faces": {
				"east": {"uv": [7, 10.90625, 7.125, 12.90625], "texture": "#1", "cullface": "up"},
				"south": {"uv": [2.09375, 12.25, 7.17188, 14.25], "texture": "#1"},
				"west": {"uv": [12.25, 12.84375, 12.53125, 12.84375], "texture": "#1"},
				"up": {"uv": [1.525, 4.325, 6.55, 4.45], "texture": "#0"}
			}
		},
		{
			"name": "px",
			"from": [1.575, 9.675, 4.55],
			"to": [6.5, 11.05, 4.65],
			"rotation": {"angle": 0, "axis": "y", "origin": [-4.2, 11.05, -1.5]},
			"faces": {
				"east": {"uv": [7, 10.90625, 7.1, 12.90625], "texture": "#1", "cullface": "up"},
				"south": {"uv": [2.09375, 12.25, 7.17188, 14.25], "texture": "#1"},
				"west": {"uv": [12.25, 12.84375, 12.53125, 12.84375], "texture": "#1"},
				"up": {"uv": [1.575, 4.55, 6.5, 4.65], "texture": "#0"}
			}
		},
		{
			"name": "px",
			"from": [1.55, 9.675, 4.45],
			"to": [6.525, 11.05, 4.55],
			"rotation": {"angle": 0, "axis": "y", "origin": [-4.2, 11.05, -1.6]},
			"faces": {
				"east": {"uv": [7, 10.90625, 7.1, 12.90625], "texture": "#1", "cullface": "up"},
				"south": {"uv": [2.09375, 12.25, 7.17188, 14.25], "texture": "#1"},
				"west": {"uv": [12.25, 12.84375, 12.53125, 12.84375], "texture": "#1"},
				"up": {"uv": [1.55, 4.45, 6.525, 4.55], "texture": "#0"}
			}
		},
		{
			"name": "px",
			"from": [1.6, 9.675, 4.65],
			"to": [6.475, 11.05, 4.75],
			"rotation": {"angle": 0, "axis": "y", "origin": [-4.2, 11.05, -1.4]},
			"faces": {
				"east": {"uv": [7, 10.90625, 7.1, 12.90625], "texture": "#1", "cullface": "up"},
				"south": {"uv": [2.09375, 12.25, 7.17188, 14.25], "texture": "#1"},
				"west": {"uv": [12.25, 12.84375, 12.53125, 12.84375], "texture": "#1"},
				"up": {"uv": [1.6, 4.65, 6.475, 4.75], "texture": "#0"}
			}
		},
		{
			"name": "px",
			"from": [1.675, 9.675, 4.85],
			"to": [6.425, 11.05, 4.95],
			"rotation": {"angle": 0, "axis": "y", "origin": [-4.2, 11.05, -1.2]},
			"faces": {
				"east": {"uv": [7, 10.90625, 7.1, 12.90625], "texture": "#1", "cullface": "up"},
				"south": {"uv": [2.09375, 12.25, 7.17188, 14.25], "texture": "#1"},
				"west": {"uv": [12.25, 12.84375, 12.53125, 12.84375], "texture": "#1"},
				"up": {"uv": [1.675, 4.85, 6.425, 4.95], "texture": "#0"}
			}
		},
		{
			"name": "px",
			"from": [1.65, 9.675, 4.75],
			"to": [6.45, 11.05, 4.85],
			"rotation": {"angle": 0, "axis": "y", "origin": [-4.2, 11.05, -1.3]},
			"faces": {
				"east": {"uv": [7, 10.90625, 7.1, 12.90625], "texture": "#1", "cullface": "up"},
				"south": {"uv": [2.09375, 12.25, 7.17188, 14.25], "texture": "#1"},
				"west": {"uv": [12.25, 12.84375, 12.53125, 12.84375], "texture": "#1"},
				"up": {"uv": [1.65, 4.75, 6.45, 4.85], "texture": "#0"}
			}
		},
		{
			"name": "px",
			"from": [1.7, 9.675, 4.95],
			"to": [6.375, 11.05, 5.05],
			"rotation": {"angle": 0, "axis": "y", "origin": [-4.2, 11.05, -1.1]},
			"faces": {
				"east": {"uv": [7, 10.90625, 7.1, 12.90625], "texture": "#1", "cullface": "up"},
				"south": {"uv": [2.09375, 12.25, 7.17188, 14.25], "texture": "#1"},
				"west": {"uv": [12.25, 12.84375, 12.53125, 12.84375], "texture": "#1"},
				"up": {"uv": [1.7, 4.95, 6.375, 5.05], "texture": "#0"}
			}
		},
		{
			"name": "px",
			"from": [1.75, 9.675, 5.05],
			"to": [6.325, 11.05, 5.15],
			"rotation": {"angle": 0, "axis": "y", "origin": [-4.2, 11.05, -1]},
			"faces": {
				"east": {"uv": [7, 10.90625, 7.1, 12.90625], "texture": "#1", "cullface": "up"},
				"south": {"uv": [2.09375, 12.25, 7.17188, 14.25], "texture": "#1"},
				"west": {"uv": [12.25, 12.84375, 12.53125, 12.84375], "texture": "#1"},
				"up": {"uv": [1.75, 5.05, 6.325, 5.15], "texture": "#0"}
			}
		},
		{
			"name": "px",
			"from": [1.8, 9.675, 5.15],
			"to": [6.275, 11.05, 5.25],
			"rotation": {"angle": 0, "axis": "y", "origin": [-4.2, 11.05, -0.9]},
			"faces": {
				"east": {"uv": [7, 10.90625, 7.1, 12.90625], "texture": "#1", "cullface": "up"},
				"south": {"uv": [2.09375, 12.25, 7.17188, 14.25], "texture": "#1"},
				"west": {"uv": [12.25, 12.84375, 12.53125, 12.84375], "texture": "#1"},
				"up": {"uv": [1.8, 5.15, 6.275, 5.25], "texture": "#0"}
			}
		},
		{
			"name": "px",
			"from": [1.85, 9.675, 5.25],
			"to": [6.225, 11.05, 5.35],
			"rotation": {"angle": 0, "axis": "y", "origin": [-4.2, 11.05, -0.8]},
			"faces": {
				"east": {"uv": [7, 10.90625, 7.1, 12.90625], "texture": "#1", "cullface": "up"},
				"south": {"uv": [2.09375, 12.25, 7.17188, 14.25], "texture": "#1"},
				"west": {"uv": [12.25, 12.84375, 12.53125, 12.84375], "texture": "#1"},
				"up": {"uv": [1.85, 5.25, 6.225, 5.35], "texture": "#0"}
			}
		},
		{
			"name": "px",
			"from": [1.9, 9.675, 5.35],
			"to": [6.175, 11.05, 5.45],
			"rotation": {"angle": 0, "axis": "y", "origin": [-4.2, 11.05, -0.7]},
			"faces": {
				"east": {"uv": [7, 10.90625, 7.1, 12.90625], "texture": "#1"},
				"south": {"uv": [2.09375, 12.25, 7.17188, 14.25], "texture": "#1"},
				"west": {"uv": [12.25, 12.84375, 12.53125, 12.84375], "texture": "#1"},
				"up": {"uv": [1.9, 5.35, 6.175, 5.45], "texture": "#0"}
			}
		},
		{
			"name": "px",
			"from": [1.975, 9.675, 5.45],
			"to": [6.1, 11.05, 5.55],
			"rotation": {"angle": 0, "axis": "y", "origin": [-4.2, 11.05, -0.6]},
			"faces": {
				"east": {"uv": [7, 10.90625, 7.1, 12.90625], "texture": "#1"},
				"south": {"uv": [2.09375, 12.25, 7.17188, 14.25], "texture": "#1"},
				"west": {"uv": [12.25, 12.84375, 12.53125, 12.84375], "texture": "#1"},
				"up": {"uv": [1.975, 5.45, 6.1, 5.55], "texture": "#0"}
			}
		},
		{
			"name": "px",
			"from": [2.05, 9.675, 5.55],
			"to": [6.025, 11.05, 5.65],
			"rotation": {"angle": 0, "axis": "y", "origin": [-4.2, 11.05, -0.5]},
			"faces": {
				"east": {"uv": [7, 10.90625, 7.1, 12.90625], "texture": "#1"},
				"south": {"uv": [2.09375, 12.25, 7.17188, 14.25], "texture": "#1"},
				"west": {"uv": [12.25, 12.84375, 12.53125, 12.84375], "texture": "#1"},
				"up": {"uv": [2.05, 5.55, 6.025, 5.65], "texture": "#0"}
			}
		},
		{
			"name": "px",
			"from": [2.125, 9.675, 5.65],
			"to": [5.95, 11.05, 5.75],
			"rotation": {"angle": 0, "axis": "y", "origin": [-4.2, 11.05, -0.4]},
			"faces": {
				"east": {"uv": [7, 10.90625, 7.1, 12.90625], "texture": "#1"},
				"south": {"uv": [2.09375, 12.25, 7.17188, 14.25], "texture": "#1"},
				"west": {"uv": [12.25, 12.84375, 12.53125, 12.84375], "texture": "#1"},
				"up": {"uv": [2.125, 5.65, 5.95, 5.75], "texture": "#0"}
			}
		},
		{
			"name": "px",
			"from": [2.225, 9.675, 5.75],
			"to": [5.9, 11.05, 5.85],
			"rotation": {"angle": 0, "axis": "y", "origin": [-4.225, 11.05, -0.3]},
			"faces": {
				"east": {"uv": [7, 10.90625, 7.1, 12.90625], "texture": "#1"},
				"south": {"uv": [2.09375, 12.25, 7.17188, 14.25], "texture": "#1"},
				"west": {"uv": [12.25, 12.84375, 12.53125, 12.84375], "texture": "#1"},
				"up": {"uv": [2.225, 5.75, 5.9, 5.85], "texture": "#0"}
			}
		},
		{
			"name": "px",
			"from": [2.45, 9.675, 5.95],
			"to": [5.65, 11.05, 6.05],
			"rotation": {"angle": 0, "axis": "y", "origin": [-4, 11.05, -0.3]},
			"faces": {
				"east": {"uv": [7, 10.90625, 7.1, 12.90625], "texture": "#1"},
				"south": {"uv": [2.09375, 12.25, 7.17188, 14.25], "texture": "#1"},
				"west": {"uv": [12.25, 12.84375, 12.53125, 12.84375], "texture": "#1"},
				"up": {"uv": [2.45, 5.95, 5.65, 6.05], "texture": "#0"}
			}
		},
		{
			"name": "px",
			"from": [2.325, 9.675, 5.85],
			"to": [5.775, 11.05, 5.95],
			"rotation": {"angle": 0, "axis": "y", "origin": [-4.125, 11.05, -0.3]},
			"faces": {
				"east": {"uv": [7, 10.90625, 7.1, 12.90625], "texture": "#1"},
				"south": {"uv": [2.09375, 12.25, 7.17188, 14.25], "texture": "#1"},
				"west": {"uv": [12.25, 12.84375, 12.53125, 12.84375], "texture": "#1"},
				"up": {"uv": [2.325, 5.85, 5.775, 5.95], "texture": "#0"}
			}
		},
		{
			"name": "px",
			"from": [2.6, 9.675, 6.05],
			"to": [5.55, 11.05, 6.15],
			"rotation": {"angle": 0, "axis": "y", "origin": [-3.85, 11.05, -0.3]},
			"faces": {
				"east": {"uv": [7, 10.90625, 7.1, 12.90625], "texture": "#1"},
				"south": {"uv": [2.09375, 12.25, 7.17188, 14.25], "texture": "#1"},
				"west": {"uv": [12.25, 12.84375, 12.53125, 12.84375], "texture": "#1"},
				"up": {"uv": [2.6, 6.05, 5.55, 6.15], "texture": "#0"}
			}
		},
		{
			"name": "px",
			"from": [2.725, 9.675, 6.15],
			"to": [5.425, 11.05, 6.25],
			"rotation": {"angle": 0, "axis": "y", "origin": [-3.975, 11.05, -0.3]},
			"faces": {
				"east": {"uv": [7, 10.90625, 7.1, 12.90625], "texture": "#1"},
				"south": {"uv": [2.09375, 12.25, 7.17188, 14.25], "texture": "#1"},
				"west": {"uv": [12.25, 12.84375, 12.53125, 12.84375], "texture": "#1"},
				"up": {"uv": [2.725, 6.15, 5.425, 6.25], "texture": "#0"}
			}
		},
		{
			"name": "px",
			"from": [2.95, 9.675, 6.25],
			"to": [5.175, 11.05, 6.35],
			"rotation": {"angle": 0, "axis": "y", "origin": [-3.975, 11.05, -0.3]},
			"faces": {
				"east": {"uv": [7, 10.90625, 7.1, 12.90625], "texture": "#1"},
				"south": {"uv": [2.09375, 12.25, 7.17188, 14.25], "texture": "#1"},
				"west": {"uv": [12.25, 12.84375, 12.53125, 12.84375], "texture": "#1"},
				"up": {"uv": [2.95, 6.25, 5.175, 6.35], "texture": "#0"}
			}
		},
		{
			"name": "px",
			"from": [3.175, 9.675, 6.35],
			"to": [4.925, 11.05, 6.425],
			"rotation": {"angle": 0, "axis": "y", "origin": [-3.975, 11.05, -0.3]},
			"faces": {
				"east": {"uv": [7, 10.90625, 7.075, 12.90625], "texture": "#1"},
				"south": {"uv": [2.09375, 12.25, 7.17188, 14.25], "texture": "#1"},
				"west": {"uv": [12.25, 12.84375, 12.53125, 12.84375], "texture": "#1"},
				"up": {"uv": [3.175, 6.35, 4.925, 6.425], "texture": "#0"}
			}
		},
		{
			"name": "px",
			"from": [3.475, 9.675, 6.425],
			"to": [4.675, 11.05, 6.5],
			"rotation": {"angle": 0, "axis": "y", "origin": [-3.975, 11.05, -0.325]},
			"faces": {
				"east": {"uv": [7, 10.90625, 7.075, 12.90625], "texture": "#1"},
				"south": {"uv": [2.09375, 12.25, 7.17188, 14.25], "texture": "#1"},
				"west": {"uv": [12.25, 12.84375, 12.53125, 12.84375], "texture": "#1"},
				"up": {"uv": [3.475, 6.425, 4.675, 6.5], "texture": "#0"}
			}
		}
	],
	"display": {
		"thirdperson_righthand": {
			"scale": [0.5, 0.5, 0.5]
		},
		"thirdperson_lefthand": {
			"scale": [0.5, 0.5, 0.5]
		},
		"firstperson_righthand": {
			"rotation": [5, 45, 0],
			"scale": [0.5, 0.5, 0.5]
		},
		"firstperson_lefthand": {
			"rotation": [5, 45, 0],
			"scale": [0.5, 0.5, 0.5]
		},
		"ground": {
			"translation": [0, 4, 0],
			"scale": [0.4, 0.4, 0.4]
		},
		"gui": {
			"rotation": [20, 45, 0],
			"scale": [0.54, 0.54, 0.54]
		}
	},
	"groups": [0, 1,
		{
			"name": "alpha overlay",
			"origin": [8, 8, 8],
			"color": 0,
			"children": [
				{
					"name": "group",
					"origin": [3.9, 0, 7.625],
					"color": 0,
					"children": [2, 3, 4, 5, 6, 7, 8, 9, 10, 11, 12, 13, 14, 15, 16, 17, 18, 19, 20, 21, 22, 23, 24, 25]
				},
				{
					"name": "group",
					"origin": [3.9, 0, 7.625],
					"color": 0,
					"children": [26, 27, 28, 29, 30, 31, 32, 33, 34, 35, 36, 37, 38, 39, 40, 41, 42, 43, 44, 45, 46, 47, 48]
				},
				{
					"name": "group",
					"origin": [3.9, 0, 7.625],
					"color": 0,
					"children": [49, 50, 51, 52, 53, 54, 55, 56, 57, 58, 59, 60, 61, 62, 63, 64, 65, 66, 67, 68, 69, 70, 71, 72,
						{
							"name": "group",
							"origin": [3.9, 0, 7.625],
							"color": 0,
							"children": [73, 74, 75, 76, 77, 78, 79, 80, 81, 82, 83, 84, 85, 86, 87, 88, 89, 90, 91, 92, 93, 94, 95]
						}
					]
				},
				{
					"name": "group",
					"origin": [3.9, 0, 7.625],
					"color": 0,
					"children": [
						{
							"name": "group",
							"origin": [3.9, 0, 7.625],
							"color": 0,
							"children": [96, 97, 98, 99, 100, 101, 102, 103, 104, 105, 106, 107, 108, 109, 110, 111, 112, 113, 114, 115, 116, 117, 118, 119]
						},
						{
							"name": "group",
							"origin": [3.9, 0, 7.625],
							"color": 0,
							"children": [120, 121, 122, 123, 124, 125, 126, 127, 128, 129, 130, 131, 132, 133, 134, 135, 136, 137, 138, 139, 140, 141, 142]
						}
					]
				},
				{
					"name": "group",
					"origin": [3.9, 0, 7.625],
					"color": 0,
					"children": [143, 144, 145, 146, 147, 148, 149, 150, 151, 152, 153, 154, 155, 156, 157, 158, 159, 160, 161, 162, 163, 164, 165]
				},
				{
					"name": "group",
					"origin": [3.9, 0, 7.625],
					"color": 0,
					"children": [166, 167, 168, 169, 170, 171, 172, 173, 174, 175, 176, 177, 178, 179, 180, 181, 182, 183, 184, 185, 186, 187, 188, 189]
				}
			]
		}
	]
}