{
	"credit": "Made with Blockbench",
	"textures": {
		"1": "block/grass_block_top",
		"2": "block/grass_block_side",
		"3": "block/cactus_bottom",
		"4": "block/nether_stripped_block_top",
		"particle": "block/nether_stripped_block_top"
	},
	"elements": [
		{
			"from": [8, 3.125, 0],
			"to": [16, 12.875, 8],
			"faces": {
				"north": {"uv": [0, 6.3125, 16, 16], "texture": "#2"},
				"east": {"uv": [0, 6.3125, 16, 16], "texture": "#2"},
				"south": {"uv": [0, 6.26563, 16, 16], "texture": "#2"},
				"west": {"uv": [0, 6.26563, 16, 16], "texture": "#2"},
				"up": {"uv": [0.04688, 0.04688, 16, 16], "texture": "#1", "cullface": "up"},
				"down": {"uv": [0, 0, 15.98438, 15.98438], "texture": "#3", "cullface": "down"}
			}
		},
		{
			"from": [0, 3.125, 0],
			"to": [8, 12.875, 8],
			"faces": {
				"north": {"uv": [0, 6.3125, 16, 16], "texture": "#2"},
				"east": {"uv": [0, 6.3125, 16, 16], "texture": "#2"},
				"south": {"uv": [0, 6.26563, 16, 16], "texture": "#2"},
				"west": {"uv": [0, 6.26563, 16, 16], "texture": "#2"},
				"up": {"uv": [0.04688, 0.04688, 16, 16], "texture": "#1", "cullface": "up"},
				"down": {"uv": [0, 0, 15.98438, 15.98438], "texture": "#3", "cullface": "down"}
			}
		},
		{
			"from": [4, 16, 0],
			"to": [12, 19.175, 8],
			"rotation": {"angle": 0, "axis": "y", "origin": [8, 16, 4]},
			"faces": {
				"north": {"uv": [0, 0, 16, 3.15625], "texture": "#4"},
				"east": {"uv": [0, 0, 16, 3.15625], "texture": "#4"},
				"south": {"uv": [0, 0, 16, 3.15625], "texture": "#4"},
				"west": {"uv": [0, 0, 16, 3.15625], "texture": "#4"},
				"up": {"uv": [0.04688, 0.04688, 16, 16], "texture": "#4", "cullface": "up"},
				"down": {"uv": [0, 0, 15.98438, 15.98438], "texture": "#3", "cullface": "down"}
			}
		},
		{
			"from": [0, 12.85, 0],
			"to": [16, 16.025, 8],
			"faces": {
				"north": {"uv": [0, 0, 16, 3.15625], "texture": "#4"},
				"east": {"uv": [0, 0, 16, 3.15625], "texture": "#4"},
				"south": {"uv": [0, 0, 16, 3.15625], "texture": "#4"},
				"west": {"uv": [0, 0, 16, 3.15625], "texture": "#4"},
				"up": {"uv": [0.04688, 0.04688, 16, 16], "texture": "#4", "cullface": "up"},
				"down": {"uv": [0, 0, 15.98438, 15.98438], "texture": "#3", "cullface": "down"}
			}
		},
		{
			"from": [0, 0, 0],
			"to": [16, 3.175, 8],
			"faces": {
				"north": {"uv": [0, 0, 16, 3.15625], "texture": "#4"},
				"east": {"uv": [0, 0, 16, 3.15625], "texture": "#4"},
				"south": {"uv": [0, 0, 16, 3.15625], "texture": "#4"},
				"west": {"uv": [0, 0, 16, 3.15625], "texture": "#4"},
				"up": {"uv": [0.04688, 0.04688, 16, 16], "texture": "#1", "cullface": "up"},
				"down": {"uv": [0, 0, 15.98438, 15.98438], "texture": "#3", "cullface": "down"}
			}
		}
	],
	"display": {
		"thirdperson_righthand": {
			"scale": [0.5, 0.5, 0.5]
		},
		"thirdperson_lefthand": {
			"scale": [0.5, 0.5, 0.5]
		},
		"firstperson_righthand": {
			"rotation": [5, 45, 0],
			"scale": [0.5, 0.5, 0.5]
		},
		"firstperson_lefthand": {
			"rotation": [5, 45, 0],
			"scale": [0.5, 0.5, 0.5]
		},
		"ground": {
			"translation": [0, 4, 0],
			"scale": [0.4, 0.4, 0.4]
		},
		"gui": {
			"rotation": [20, 45, 0],
			"scale": [0.54, 0.54, 0.54]
		}
	}
}