{
	"credit": "Made with Blockbench",
	"textures": {
		"4": "block/nether_stripped_block_top",
		"particle": "block/nether_stripped_block_top"
	},
	"elements": [
		{
			"from": [0, 0, 0],
			"to": [16, 3.175, 8],
			"faces": {
				"north": {"uv": [0, 0, 16, 3.15625], "texture": "#4", "cullface": "north"},
				"east": {"uv": [0, 0, 16, 3.15625], "texture": "#4"},
				"south": {"uv": [0, 0, 16, 3.15625], "texture": "#4"},
				"west": {"uv": [0, 0, 16, 3.15625], "texture": "#4"},
				"up": {"uv": [0.04688, 0.04688, 16, 16], "texture": "#4"},
				"down": {"uv": [0, 0, 15.98438, 15.98438], "texture": "#4", "cullface": "down"}
			}
		}
	],
	"display": {
		"thirdperson_righthand": {
			"scale": [0.5, 0.5, 0.5]
		},
		"thirdperson_lefthand": {
			"scale": [0.5, 0.5, 0.5]
		},
		"firstperson_righthand": {
			"rotation": [5, 45, 0],
			"scale": [0.5, 0.5, 0.5]
		},
		"firstperson_lefthand": {
			"rotation": [5, 45, 0],
			"scale": [0.5, 0.5, 0.5]
		},
		"ground": {
			"translation": [0, 4, 0],
			"scale": [0.4, 0.4, 0.4]
		},
		"gui": {
			"rotation": [20, 45, 0],
			"scale": [0.54, 0.54, 0.54]
		}
	},
	"groups": [
		{
			"name": "template_fence_gate",
			"origin": [8, 8, 8],
			"color": 0,
			"children": [0]
		}
	]
}