{
	"credit": "Made with Blockbench",
	"ambientocclusion": false,
	"textures": {
		"2": "block/dark_oak_overlay",
		"3": "block/nether_stripped_block_top",
		"particle": "block/dark_oak_bottom",
		"1_1": "block/dark_oak_bottom"
	},
	"elements": [
		{
			"from": [2.2, 4.66, 5.8],
			"to": [4.4, 6.86, 6.9],
			"rotation": {"angle": 0, "axis": "y", "origin": [2.2, -4.14, -0.8]},
			"faces": {
				"north": {"uv": [0, 0, 2, 2], "texture": "#3"},
				"east": {"uv": [0, 0, 1, 2], "texture": "#3"},
				"south": {"uv": [0, 0, 2, 2], "texture": "#3"},
				"up": {"uv": [0, 0, 2, 1], "texture": "#3"},
				"down": {"uv": [0, 0, 2, 1], "texture": "#3"}
			}
		},
		{
			"from": [2.2, 4.66, 9.1],
			"to": [4.4, 6.86, 10.2],
			"rotation": {"angle": 0, "axis": "y", "origin": [2.2, -4.14, -0.8]},
			"faces": {
				"north": {"uv": [0, 0, 2, 2], "texture": "#3"},
				"east": {"uv": [0, 0, 1, 2], "texture": "#3"},
				"south": {"uv": [0, 0, 2, 2], "texture": "#3"},
				"up": {"uv": [0, 0, 2, 1], "texture": "#3"},
				"down": {"uv": [0, 0, 2, 1], "texture": "#3"}
			}
		},
		{
			"from": [7.7825, 4.66, 5.8825],
			"to": [9.9825, 6.86, 6.9825],
			"rotation": {"angle": -45, "axis": "y", "origin": [2.2, -4.14, -0.8]},
			"faces": {
				"north": {"uv": [0, 0, 2, 2], "texture": "#3"},
				"south": {"uv": [0, 0, 2, 2], "texture": "#3"},
				"up": {"uv": [0, 0, 2, 1], "texture": "#3"},
				"down": {"uv": [0, 0, 2, 1], "texture": "#3"}
			}
		},
		{
			"from": [0, 3.45, 5.8],
			"to": [0.66, 8.18, 10.2],
			"rotation": {"angle": 0, "axis": "y", "origin": [0, -2.05, -0.8]},
			"faces": {
				"north": {"uv": [0, 0, 0.6, 4.3], "texture": "#3"},
				"east": {"uv": [0, 0, 4, 4.3], "texture": "#3"},
				"south": {"uv": [0, 0, 0.6, 4.3], "texture": "#3"},
				"up": {"uv": [0, 0, 0.6, 4], "texture": "#3"},
				"down": {"uv": [0, 0, 0.6, 4], "texture": "#3"}
			}
		},
		{
			"from": [0.6325, 4.66, 7.3675],
			"to": [1.2925, 6.86, 8.66],
			"rotation": {"angle": 0, "axis": "y", "origin": [0, -4.14, -0.8]},
			"faces": {
				"west": {"uv": [0, 0, 1.175, 2], "texture": "#3"},
				"up": {"uv": [0, 0, 0.6, 1.175], "texture": "#3"},
				"down": {"uv": [0, 0, 0.6, 1.175], "texture": "#3"}
			}
		},
		{
			"from": [6.875, 4.66, 3.875],
			"to": [7.975, 6.86, 6.075],
			"rotation": {"angle": -45, "axis": "y", "origin": [2.2, -4.14, -0.8]},
			"faces": {
				"east": {"uv": [0, 0, 2, 2], "texture": "#3"},
				"west": {"uv": [0, 0, 2, 2], "texture": "#3"},
				"up": {"uv": [0, 0, 2, 1], "rotation": 90, "texture": "#3"},
				"down": {"uv": [0, 0, 2, 1], "rotation": 270, "texture": "#3"}
			}
		},
		{
			"from": [1.44, 8.27, 6.44],
			"to": [4.56, 8.27, 9.599],
			"rotation": {"angle": 0, "axis": "y", "origin": [-9.48, 2.03, -4.48]},
			"faces": {
				"down": {"uv": [1.55, 1.5, 6.55, 6.5], "texture": "#2"}
			}
		},
		{
			"from": [1.44, 2.03, 6.44],
			"to": [4.56, 2.03, 9.599],
			"rotation": {"angle": 0, "axis": "y", "origin": [-9.48, 2.03, -4.48]},
			"faces": {
				"down": {"uv": [1.55, 1.5, 6.55, 6.5], "texture": "#2"}
			}
		},
		{
			"from": [0.972, 11.234, 5.972],
			"to": [5.028, 13.262, 10.028],
			"rotation": {"angle": 0, "axis": "y", "origin": [-9.48, 2.03, -4.48]},
			"faces": {
				"up": {"uv": [1.55, 1.5, 6.55, 6.5], "texture": "#2"},
				"down": {"uv": [1.55, 1.5, 6.55, 6.5], "texture": "#2"}
			}
		},
		{
			"from": [0.972, 3.551, 5.972],
			"to": [5.028, 4.214, 10.028],
			"rotation": {"angle": 0, "axis": "y", "origin": [-9.48, 2.03, -4.48]},
			"faces": {
				"up": {"uv": [1.55, 1.5, 6.55, 6.5], "texture": "#2"},
				"down": {"uv": [1.55, 1.5, 6.55, 6.5], "texture": "#2"}
			}
		},
		{
			"from": [2.5944, 11.2457, 10.028],
			"to": [3.4056, 13.2581, 10.028],
			"rotation": {"angle": 0, "axis": "y", "origin": [3, 11.7917, 8]},
			"faces": {
				"east": {"uv": [0, 0, 0, 0], "texture": "#1_1"},
				"south": {"uv": [8, 1, 16, 1.25], "rotation": 270, "texture": "#1_1"},
				"west": {"uv": [0, 0, 0, 0], "texture": "#1_1"},
				"up": {"uv": [0, 0, 0, 0], "texture": "#1_1"},
				"down": {"uv": [0, 0, 0, 0], "texture": "#1_1"}
			}
		},
		{
			"from": [0.972, 11.2457, 7.5944],
			"to": [0.972, 13.2581, 8.4056],
			"rotation": {"angle": 22.5, "axis": "y", "origin": [3, 11.7917, 8]},
			"faces": {
				"north": {"uv": [0, 0, 0, 0], "texture": "#1_1"},
				"south": {"uv": [0, 0, 0, 0], "texture": "#1_1"},
				"west": {"uv": [8, 1, 16, 1.25], "rotation": 270, "texture": "#1_1"},
				"up": {"uv": [0, 0, 0, 0], "texture": "#1_1"},
				"down": {"uv": [0, 0, 0, 0], "texture": "#1_1"}
			}
		},
		{
			"from": [0.972, 11.2457, 7.5944],
			"to": [0.972, 13.2581, 8.4056],
			"rotation": {"angle": 0, "axis": "y", "origin": [3, 11.7917, 8]},
			"faces": {
				"north": {"uv": [0, 0, 0, 0], "texture": "#1_1"},
				"south": {"uv": [0, 0, 0, 0], "texture": "#1_1"},
				"west": {"uv": [8, 1, 16, 1.25], "rotation": 270, "texture": "#1_1"},
				"up": {"uv": [0, 0, 0, 0], "texture": "#1_1"},
				"down": {"uv": [0, 0, 0, 0], "texture": "#1_1"}
			}
		},
		{
			"from": [2.5944, 11.2457, 5.972],
			"to": [3.4056, 13.2581, 5.972],
			"rotation": {"angle": -45, "axis": "y", "origin": [3, 11.7917, 8]},
			"faces": {
				"north": {"uv": [8, 1, 16, 1.25], "rotation": 270, "texture": "#1_1"},
				"east": {"uv": [0, 0, 0, 0], "texture": "#1_1"},
				"west": {"uv": [0, 0, 0, 0], "texture": "#1_1"},
				"up": {"uv": [0, 0, 0, 0], "texture": "#1_1"},
				"down": {"uv": [0, 0, 0, 0], "texture": "#1_1"}
			}
		},
		{
			"from": [5.028, 11.2457, 7.5944],
			"to": [5.028, 13.2581, 8.4056],
			"rotation": {"angle": -22.5, "axis": "y", "origin": [3, 11.7917, 8]},
			"faces": {
				"east": {"uv": [8, 1, 16, 1.25], "rotation": 270, "texture": "#1_1"},
				"south": {"uv": [0, 0, 0, 0], "texture": "#1_1"},
				"up": {"uv": [0, 0, 0, 0], "texture": "#1_1"},
				"down": {"uv": [0, 0, 0, 0], "texture": "#1_1"}
			}
		},
		{
			"from": [2.5944, 11.2457, 5.972],
			"to": [3.4056, 13.2581, 5.972],
			"rotation": {"angle": 22.5, "axis": "y", "origin": [3, 11.7917, 8]},
			"faces": {
				"north": {"uv": [8, 0, 16, 0.25], "rotation": 270, "texture": "#1_1"},
				"east": {"uv": [0, 0, 0, 0], "texture": "#1_1"},
				"west": {"uv": [0, 0, 0, 0], "texture": "#1_1"},
				"up": {"uv": [0, 0, 0, 0], "texture": "#1_1"},
				"down": {"uv": [0, 0, 0, 0], "texture": "#1_1"}
			}
		},
		{
			"from": [2.5944, 11.2457, 10.028],
			"to": [3.4056, 13.2581, 10.028],
			"rotation": {"angle": 22.5, "axis": "y", "origin": [3, 11.7917, 8]},
			"faces": {
				"east": {"uv": [0, 0, 0, 0], "texture": "#1_1"},
				"south": {"uv": [8, 1, 16, 1.25], "rotation": 270, "texture": "#1_1"},
				"west": {"uv": [0, 0, 0, 0], "texture": "#1_1"},
				"up": {"uv": [0, 0, 0, 0], "texture": "#1_1"},
				"down": {"uv": [0, 0, 0, 0], "texture": "#1_1"}
			}
		},
		{
			"from": [0.972, 11.2457, 7.5944],
			"to": [0.972, 13.2581, 8.4056],
			"rotation": {"angle": 45, "axis": "y", "origin": [3, 11.7917, 8]},
			"faces": {
				"north": {"uv": [0, 0, 0, 0], "texture": "#1_1"},
				"south": {"uv": [0, 0, 0, 0], "texture": "#1_1"},
				"west": {"uv": [8, 1, 16, 1.25], "rotation": 270, "texture": "#1_1"},
				"up": {"uv": [0, 0, 0, 0], "texture": "#1_1"},
				"down": {"uv": [0, 0, 0, 0], "texture": "#1_1"}
			}
		},
		{
			"from": [2.5944, 11.2457, 5.972],
			"to": [3.4056, 13.2581, 5.972],
			"rotation": {"angle": -22.5, "axis": "y", "origin": [3, 11.7917, 8]},
			"faces": {
				"north": {"uv": [8, 1, 16, 1.25], "rotation": 270, "texture": "#1_1"},
				"east": {"uv": [0, 0, 0, 0], "texture": "#1_1"},
				"west": {"uv": [0, 0, 0, 0], "texture": "#1_1"},
				"up": {"uv": [0, 0, 0, 0], "texture": "#1_1"},
				"down": {"uv": [0, 0, 0, 0], "texture": "#1_1"}
			}
		},
		{
			"from": [5.028, 11.2457, 7.5944],
			"to": [5.028, 13.2581, 8.4056],
			"rotation": {"angle": 0, "axis": "y", "origin": [3, 11.7917, 8]},
			"faces": {
				"north": {"uv": [0, 0, 0, 0], "texture": "#1_1"},
				"east": {"uv": [8, 1, 16, 1.25], "rotation": 270, "texture": "#1_1"},
				"south": {"uv": [0, 0, 0, 0], "texture": "#1_1"},
				"up": {"uv": [0, 0, 0, 0], "texture": "#1_1"},
				"down": {"uv": [0, 0, 0, 0], "texture": "#1_1"}
			}
		},
		{
			"from": [0.972, 11.2457, 7.5944],
			"to": [0.972, 13.2581, 8.4056],
			"rotation": {"angle": -45, "axis": "y", "origin": [3, 11.7917, 8]},
			"faces": {
				"north": {"uv": [0, 0, 0, 0], "texture": "#1_1"},
				"south": {"uv": [0, 0, 0, 0], "texture": "#1_1"},
				"west": {"uv": [8, 1, 16, 1.25], "rotation": 270, "texture": "#1_1"},
				"up": {"uv": [0, 0, 0, 0], "texture": "#1_1"},
				"down": {"uv": [0, 0, 0, 0], "texture": "#1_1"}
			}
		},
		{
			"from": [2.5944, 11.2457, 10.028],
			"to": [3.4056, 13.2581, 10.028],
			"rotation": {"angle": 45, "axis": "y", "origin": [3, 11.7917, 8]},
			"faces": {
				"east": {"uv": [0, 0, 0, 0], "texture": "#1_1"},
				"south": {"uv": [8, 1, 16, 1.25], "rotation": 270, "texture": "#1_1"},
				"west": {"uv": [0, 0, 0, 0], "texture": "#1_1"},
				"up": {"uv": [0, 0, 0, 0], "texture": "#1_1"},
				"down": {"uv": [0, 0, 0, 0], "texture": "#1_1"}
			}
		},
		{
			"from": [2.5944, 11.2457, 10.028],
			"to": [3.4056, 13.2581, 10.028],
			"rotation": {"angle": -22.5, "axis": "y", "origin": [3, 11.7917, 8]},
			"faces": {
				"east": {"uv": [0, 0, 0, 0], "texture": "#1_1"},
				"south": {"uv": [8, 1, 16, 1.25], "rotation": 270, "texture": "#1_1"},
				"west": {"uv": [0, 0, 0, 0], "texture": "#1_1"},
				"up": {"uv": [0, 0, 0, 0], "texture": "#1_1"},
				"down": {"uv": [0, 0, 0, 0], "texture": "#1_1"}
			}
		},
		{
			"from": [2.5944, 11.2457, 5.972],
			"to": [3.4056, 13.2581, 5.972],
			"rotation": {"angle": 0, "axis": "y", "origin": [3, 11.7917, 8]},
			"faces": {
				"north": {"uv": [8, 1, 16, 1.25], "rotation": 270, "texture": "#1_1"},
				"east": {"uv": [0, 0, 0, 0], "texture": "#1_1"},
				"west": {"uv": [0, 0, 0, 0], "texture": "#1_1"},
				"up": {"uv": [0, 0, 0, 0], "texture": "#1_1"},
				"down": {"uv": [0, 0, 0, 0], "texture": "#1_1"}
			}
		},
		{
			"from": [5.028, 11.2457, 7.5944],
			"to": [5.028, 13.2581, 8.4056],
			"rotation": {"angle": 22.5, "axis": "y", "origin": [3, 11.7917, 8]},
			"faces": {
				"north": {"uv": [0, 0, 0, 0], "texture": "#1_1"},
				"east": {"uv": [8, 1, 16, 1.25], "rotation": 270, "texture": "#1_1"},
				"south": {"uv": [0, 0, 0, 0], "texture": "#1_1"},
				"up": {"uv": [0, 0, 0, 0], "texture": "#1_1"},
				"down": {"uv": [0, 0, 0, 0], "texture": "#1_1"}
			}
		},
		{
			"from": [0.972, 11.2457, 7.5944],
			"to": [0.972, 13.2581, 8.4056],
			"rotation": {"angle": -22.5, "axis": "y", "origin": [3, 11.7917, 8]},
			"faces": {
				"north": {"uv": [0, 0, 0, 0], "texture": "#1_1"},
				"south": {"uv": [0, 0, 0, 0], "texture": "#1_1"},
				"west": {"uv": [8, 1, 16, 1.25], "rotation": 270, "texture": "#1_1"},
				"up": {"uv": [0, 0, 0, 0], "texture": "#1_1"},
				"down": {"uv": [0, 0, 0, 0], "texture": "#1_1"}
			}
		},
		{
			"from": [2.5944, 3.5627, 10.028],
			"to": [3.4056, 4.2101, 10.028],
			"rotation": {"angle": 0, "axis": "y", "origin": [3, 4.1087, 8]},
			"faces": {
				"east": {"uv": [0, 0, 0, 0], "texture": "#1_1"},
				"south": {"uv": [8, 1, 16, 1.25], "rotation": 270, "texture": "#1_1"},
				"west": {"uv": [0, 0, 0, 0], "texture": "#1_1"},
				"up": {"uv": [0, 0, 0, 0], "texture": "#1_1"},
				"down": {"uv": [0, 0, 0, 0], "texture": "#1_1"}
			}
		},
		{
			"from": [0.972, 3.5627, 7.5944],
			"to": [0.972, 4.2101, 8.4056],
			"rotation": {"angle": 22.5, "axis": "y", "origin": [3, 4.1087, 8]},
			"faces": {
				"north": {"uv": [0, 0, 0, 0], "texture": "#1_1"},
				"south": {"uv": [0, 0, 0, 0], "texture": "#1_1"},
				"west": {"uv": [8, 1, 16, 1.25], "rotation": 270, "texture": "#1_1"},
				"up": {"uv": [0, 0, 0, 0], "texture": "#1_1"},
				"down": {"uv": [0, 0, 0, 0], "texture": "#1_1"}
			}
		},
		{
			"from": [0.972, 3.5627, 7.5944],
			"to": [0.972, 4.2101, 8.4056],
			"rotation": {"angle": 0, "axis": "y", "origin": [3, 4.1087, 8]},
			"faces": {
				"north": {"uv": [0, 0, 0, 0], "texture": "#1_1"},
				"south": {"uv": [0, 0, 0, 0], "texture": "#1_1"},
				"west": {"uv": [8, 1, 16, 1.25], "rotation": 270, "texture": "#1_1"},
				"up": {"uv": [0, 0, 0, 0], "texture": "#1_1"},
				"down": {"uv": [0, 0, 0, 0], "texture": "#1_1"}
			}
		},
		{
			"from": [2.5944, 3.5627, 5.972],
			"to": [3.4056, 4.2101, 5.972],
			"rotation": {"angle": -45, "axis": "y", "origin": [3, 4.1087, 8]},
			"faces": {
				"north": {"uv": [8, 1, 16, 1.25], "rotation": 270, "texture": "#1_1"},
				"east": {"uv": [0, 0, 0, 0], "texture": "#1_1"},
				"west": {"uv": [0, 0, 0, 0], "texture": "#1_1"},
				"up": {"uv": [0, 0, 0, 0], "texture": "#1_1"},
				"down": {"uv": [0, 0, 0, 0], "texture": "#1_1"}
			}
		},
		{
			"from": [5.028, 3.5627, 7.5944],
			"to": [5.028, 4.2101, 8.4056],
			"rotation": {"angle": -22.5, "axis": "y", "origin": [3, 4.1087, 8]},
			"faces": {
				"east": {"uv": [8, 1, 16, 1.25], "rotation": 270, "texture": "#1_1"},
				"south": {"uv": [0, 0, 0, 0], "texture": "#1_1"},
				"up": {"uv": [0, 0, 0, 0], "texture": "#1_1"},
				"down": {"uv": [0, 0, 0, 0], "texture": "#1_1"}
			}
		},
		{
			"from": [2.5944, 3.5627, 5.972],
			"to": [3.4056, 4.2101, 5.972],
			"rotation": {"angle": 22.5, "axis": "y", "origin": [3, 4.1087, 8]},
			"faces": {
				"north": {"uv": [8, 1, 16, 1.25], "rotation": 270, "texture": "#1_1"},
				"east": {"uv": [0, 0, 0, 0], "texture": "#1_1"},
				"west": {"uv": [0, 0, 0, 0], "texture": "#1_1"},
				"up": {"uv": [0, 0, 0, 0], "texture": "#1_1"},
				"down": {"uv": [0, 0, 0, 0], "texture": "#1_1"}
			}
		},
		{
			"from": [2.5944, 3.5627, 10.028],
			"to": [3.4056, 4.2101, 10.028],
			"rotation": {"angle": 22.5, "axis": "y", "origin": [3, 4.1087, 8]},
			"faces": {
				"east": {"uv": [0, 0, 0, 0], "texture": "#1_1"},
				"south": {"uv": [8, 1, 16, 1.25], "rotation": 270, "texture": "#1_1"},
				"west": {"uv": [0, 0, 0, 0], "texture": "#1_1"},
				"up": {"uv": [0, 0, 0, 0], "texture": "#1_1"},
				"down": {"uv": [0, 0, 0, 0], "texture": "#1_1"}
			}
		},
		{
			"from": [0.972, 3.5627, 7.5944],
			"to": [0.972, 4.2101, 8.4056],
			"rotation": {"angle": 45, "axis": "y", "origin": [3, 4.1087, 8]},
			"faces": {
				"north": {"uv": [0, 0, 0, 0], "texture": "#1_1"},
				"south": {"uv": [0, 0, 0, 0], "texture": "#1_1"},
				"west": {"uv": [8, 1, 16, 1.25], "rotation": 270, "texture": "#1_1"},
				"up": {"uv": [0, 0, 0, 0], "texture": "#1_1"},
				"down": {"uv": [0, 0, 0, 0], "texture": "#1_1"}
			}
		},
		{
			"from": [2.5944, 3.5627, 5.972],
			"to": [3.4056, 4.2101, 5.972],
			"rotation": {"angle": -22.5, "axis": "y", "origin": [3, 4.1087, 8]},
			"faces": {
				"north": {"uv": [8, 1, 16, 1.25], "rotation": 270, "texture": "#1_1"},
				"east": {"uv": [0, 0, 0, 0], "texture": "#1_1"},
				"west": {"uv": [0, 0, 0, 0], "texture": "#1_1"},
				"up": {"uv": [0, 0, 0, 0], "texture": "#1_1"},
				"down": {"uv": [0, 0, 0, 0], "texture": "#1_1"}
			}
		},
		{
			"from": [5.028, 3.5627, 7.5944],
			"to": [5.028, 4.2101, 8.4056],
			"rotation": {"angle": 0, "axis": "y", "origin": [3, 4.1087, 8]},
			"faces": {
				"north": {"uv": [2, 2, 2, 2], "texture": "#1_1"},
				"east": {"uv": [8, 1, 16, 1.25], "rotation": 270, "texture": "#1_1"},
				"south": {"uv": [0, 0, 0, 0], "texture": "#1_1"},
				"up": {"uv": [0, 0, 0, 0], "texture": "#1_1"},
				"down": {"uv": [0, 0, 0, 0], "texture": "#1_1"}
			}
		},
		{
			"from": [0.972, 3.5627, 7.5944],
			"to": [0.972, 4.2101, 8.4056],
			"rotation": {"angle": -45, "axis": "y", "origin": [3, 4.1087, 8]},
			"faces": {
				"north": {"uv": [0, 0, 0, 0], "texture": "#1_1"},
				"south": {"uv": [0, 0, 0, 0], "texture": "#1_1"},
				"west": {"uv": [8, 1, 16, 1.25], "rotation": 270, "texture": "#1_1"},
				"up": {"uv": [0, 0, 0, 0], "texture": "#1_1"},
				"down": {"uv": [0, 0, 0, 0], "texture": "#1_1"}
			}
		},
		{
			"from": [2.5944, 3.5627, 10.028],
			"to": [3.4056, 4.2101, 10.028],
			"rotation": {"angle": 45, "axis": "y", "origin": [3, 4.1087, 8]},
			"faces": {
				"east": {"uv": [0, 0, 0, 0], "texture": "#1_1"},
				"south": {"uv": [8, 1, 16, 1.25], "rotation": 270, "texture": "#1_1"},
				"west": {"uv": [0, 0, 0, 0], "texture": "#1_1"},
				"up": {"uv": [0, 0, 0, 0], "texture": "#1_1"},
				"down": {"uv": [0, 0, 0, 0], "texture": "#1_1"}
			}
		},
		{
			"from": [2.5944, 3.5627, 10.028],
			"to": [3.4056, 4.2101, 10.028],
			"rotation": {"angle": -22.5, "axis": "y", "origin": [3, 4.1087, 8]},
			"faces": {
				"east": {"uv": [0, 0, 0, 0], "texture": "#1_1"},
				"south": {"uv": [8, 1, 16, 1.25], "rotation": 270, "texture": "#1_1"},
				"west": {"uv": [0, 0, 0, 0], "texture": "#1_1"},
				"up": {"uv": [0, 0, 0, 0], "texture": "#1_1"},
				"down": {"uv": [0, 0, 0, 0], "texture": "#1_1"}
			}
		},
		{
			"from": [2.5944, 3.5627, 5.972],
			"to": [3.4056, 4.2101, 5.972],
			"rotation": {"angle": 0, "axis": "y", "origin": [3, 4.1087, 8]},
			"faces": {
				"north": {"uv": [8, 1, 16, 1.25], "rotation": 270, "texture": "#1_1"},
				"east": {"uv": [0, 0, 0, 0], "texture": "#1_1"},
				"west": {"uv": [0, 0, 0, 0], "texture": "#1_1"},
				"up": {"uv": [0, 0, 0, 0], "texture": "#1_1"},
				"down": {"uv": [0, 0, 0, 0], "texture": "#1_1"}
			}
		},
		{
			"from": [5.028, 3.5627, 7.5944],
			"to": [5.028, 4.2101, 8.4056],
			"rotation": {"angle": 22.5, "axis": "y", "origin": [3, 4.1087, 8]},
			"faces": {
				"north": {"uv": [2, 2, 2, 2], "texture": "#1_1"},
				"east": {"uv": [8, 1, 16, 1.25], "rotation": 270, "texture": "#1_1"},
				"south": {"uv": [0, 0, 0, 0], "texture": "#1_1"},
				"up": {"uv": [0, 0, 0, 0], "texture": "#1_1"},
				"down": {"uv": [0, 0, 0, 0], "texture": "#1_1"}
			}
		},
		{
			"from": [0.972, 3.5627, 7.5944],
			"to": [0.972, 4.2101, 8.4056],
			"rotation": {"angle": -22.5, "axis": "y", "origin": [3, 4.1087, 8]},
			"faces": {
				"north": {"uv": [0, 0, 0, 0], "texture": "#1_1"},
				"south": {"uv": [0, 0, 0, 0], "texture": "#1_1"},
				"west": {"uv": [8, 1, 16, 1.25], "rotation": 270, "texture": "#1_1"},
				"up": {"uv": [0, 0, 0, 0], "texture": "#1_1"},
				"down": {"uv": [0, 0, 0, 0], "texture": "#1_1"}
			}
		},
		{
			"from": [2.688, 8.309, 9.56],
			"to": [3.312, 11.507, 9.56],
			"rotation": {"angle": 0, "axis": "y", "origin": [3, 9.869, 8]},
			"faces": {
				"east": {"uv": [0, 0, 0, 0], "texture": "#1_1"},
				"south": {"uv": [8, 1, 16, 1.25], "rotation": 270, "texture": "#1_1"},
				"west": {"uv": [0, 0, 0, 0], "texture": "#1_1"},
				"up": {"uv": [0, 0, 0, 0], "texture": "#1_1"},
				"down": {"uv": [0, 0, 0, 0], "texture": "#1_1"}
			}
		},
		{
			"from": [1.44, 8.309, 7.688],
			"to": [1.44, 11.507, 8.312],
			"rotation": {"angle": 22.5, "axis": "y", "origin": [3, 9.869, 8]},
			"faces": {
				"north": {"uv": [0, 0, 0, 0], "texture": "#1_1"},
				"south": {"uv": [0, 0, 0, 0], "texture": "#1_1"},
				"west": {"uv": [8, 0, 16, 0.25], "rotation": 270, "texture": "#1_1"},
				"up": {"uv": [0, 0, 0, 0], "texture": "#1_1"},
				"down": {"uv": [0, 0, 0, 0], "texture": "#1_1"}
			}
		},
		{
			"from": [1.44, 8.309, 7.688],
			"to": [1.44, 11.507, 8.312],
			"rotation": {"angle": 0, "axis": "y", "origin": [3, 9.869, 8]},
			"faces": {
				"north": {"uv": [0, 0, 0, 0], "texture": "#1_1"},
				"south": {"uv": [0, 0, 0, 0], "texture": "#1_1"},
				"west": {"uv": [8, 0, 16, 0.25], "rotation": 270, "texture": "#1_1"},
				"up": {"uv": [0, 0, 0, 0], "texture": "#1_1"},
				"down": {"uv": [0, 0, 0, 0], "texture": "#1_1"}
			}
		},
		{
			"from": [2.688, 8.309, 6.44],
			"to": [3.312, 11.507, 6.44],
			"rotation": {"angle": -45, "axis": "y", "origin": [3, 9.869, 8]},
			"faces": {
				"north": {"uv": [8, 1, 16, 1.25], "rotation": 270, "texture": "#1_1"},
				"east": {"uv": [0, 0, 0, 0], "texture": "#1_1"},
				"west": {"uv": [0, 0, 0, 0], "texture": "#1_1"},
				"up": {"uv": [0, 0, 0, 0], "texture": "#1_1"},
				"down": {"uv": [0, 0, 0, 0], "texture": "#1_1"}
			}
		},
		{
			"from": [4.56, 8.309, 7.688],
			"to": [4.56, 11.507, 8.312],
			"rotation": {"angle": -22.5, "axis": "y", "origin": [3, 9.869, 8]},
			"faces": {
				"east": {"uv": [8, 1, 16, 1.25], "rotation": 270, "texture": "#1_1"},
				"south": {"uv": [0, 0, 0, 0], "texture": "#1_1"},
				"up": {"uv": [0, 0, 0, 0], "texture": "#1_1"},
				"down": {"uv": [0, 0, 0, 0], "texture": "#1_1"}
			}
		},
		{
			"from": [2.688, 8.309, 6.44],
			"to": [3.312, 11.507, 6.44],
			"rotation": {"angle": 22.5, "axis": "y", "origin": [3, 9.869, 8]},
			"faces": {
				"north": {"uv": [8, 1, 16, 1.25], "rotation": 270, "texture": "#1_1"},
				"east": {"uv": [0, 0, 0, 0], "texture": "#1_1"},
				"west": {"uv": [2, 1, 2, 1], "texture": "#1_1"},
				"up": {"uv": [0, 0, 0, 0], "texture": "#1_1"},
				"down": {"uv": [0, 0, 0, 0], "texture": "#1_1"}
			}
		},
		{
			"from": [2.688, 8.309, 9.56],
			"to": [3.312, 11.507, 9.56],
			"rotation": {"angle": 22.5, "axis": "y", "origin": [3, 9.869, 8]},
			"faces": {
				"east": {"uv": [0, 0, 0, 0], "texture": "#1_1"},
				"south": {"uv": [8, 1, 16, 1.25], "rotation": 270, "texture": "#1_1"},
				"west": {"uv": [0, 0, 0, 0], "texture": "#1_1"},
				"up": {"uv": [0, 0, 0, 0], "texture": "#1_1"},
				"down": {"uv": [0, 0, 0, 0], "texture": "#1_1"}
			}
		},
		{
			"from": [1.44, 8.309, 7.688],
			"to": [1.44, 11.507, 8.312],
			"rotation": {"angle": 45, "axis": "y", "origin": [3, 9.869, 8]},
			"faces": {
				"north": {"uv": [0, 0, 0, 0], "texture": "#1_1"},
				"south": {"uv": [0, 0, 0, 0], "texture": "#1_1"},
				"west": {"uv": [8, 1, 16, 1.25], "rotation": 270, "texture": "#1_1"},
				"up": {"uv": [0, 0, 0, 0], "texture": "#1_1"},
				"down": {"uv": [0, 0, 0, 0], "texture": "#1_1"}
			}
		},
		{
			"from": [2.688, 8.309, 6.44],
			"to": [3.312, 11.507, 6.44],
			"rotation": {"angle": -22.5, "axis": "y", "origin": [3, 9.869, 8]},
			"faces": {
				"north": {"uv": [8, 1, 16, 1.25], "rotation": 270, "texture": "#1_1"},
				"east": {"uv": [0, 0, 0, 0], "texture": "#1_1"},
				"west": {"uv": [0, 0, 0, 0], "texture": "#1_1"},
				"up": {"uv": [0, 0, 0, 0], "texture": "#1_1"},
				"down": {"uv": [0, 0, 0, 0], "texture": "#1_1"}
			}
		},
		{
			"from": [4.56, 8.309, 7.688],
			"to": [4.56, 11.507, 8.312],
			"rotation": {"angle": 0, "axis": "y", "origin": [3, 9.869, 8]},
			"faces": {
				"north": {"uv": [0, 0, 0, 0], "texture": "#1_1"},
				"east": {"uv": [8, 1, 16, 1.25], "rotation": 270, "texture": "#1_1"},
				"south": {"uv": [0, 0, 0, 0], "texture": "#1_1"},
				"up": {"uv": [0, 0, 0, 0], "texture": "#1_1"},
				"down": {"uv": [0, 0, 0, 0], "texture": "#1_1"}
			}
		},
		{
			"from": [1.44, 8.309, 7.688],
			"to": [1.44, 11.507, 8.312],
			"rotation": {"angle": -45, "axis": "y", "origin": [3, 9.869, 8]},
			"faces": {
				"north": {"uv": [0, 0, 0, 0], "texture": "#1_1"},
				"south": {"uv": [0, 0, 0, 0], "texture": "#1_1"},
				"west": {"uv": [2, 1, 10, 1.25], "rotation": 270, "texture": "#1_1"},
				"up": {"uv": [0, 0, 0, 0], "texture": "#1_1"},
				"down": {"uv": [0, 0, 0, 0], "texture": "#1_1"}
			}
		},
		{
			"from": [2.688, 8.309, 9.56],
			"to": [3.312, 11.507, 9.56],
			"rotation": {"angle": 45, "axis": "y", "origin": [3, 9.869, 8]},
			"faces": {
				"east": {"uv": [0, 0, 0, 0], "texture": "#1_1"},
				"south": {"uv": [8, 1, 16, 1.25], "rotation": 270, "texture": "#1_1"},
				"west": {"uv": [0, 0, 0, 0], "texture": "#1_1"},
				"up": {"uv": [0, 0, 0, 0], "texture": "#1_1"},
				"down": {"uv": [0, 0, 0, 0], "texture": "#1_1"}
			}
		},
		{
			"from": [2.688, 8.309, 9.56],
			"to": [3.312, 11.507, 9.56],
			"rotation": {"angle": -22.5, "axis": "y", "origin": [3, 9.869, 8]},
			"faces": {
				"east": {"uv": [0, 0, 0, 0], "texture": "#1_1"},
				"south": {"uv": [8, 1, 16, 1.25], "rotation": 270, "texture": "#1_1"},
				"west": {"uv": [0, 0, 0, 0], "texture": "#1_1"},
				"up": {"uv": [0, 0, 0, 0], "texture": "#1_1"},
				"down": {"uv": [0, 0, 0, 0], "texture": "#1_1"}
			}
		},
		{
			"from": [2.688, 8.309, 6.44],
			"to": [3.312, 11.507, 6.44],
			"rotation": {"angle": 0, "axis": "y", "origin": [3, 9.869, 8]},
			"faces": {
				"north": {"uv": [8, 1, 16, 1.25], "rotation": 270, "texture": "#1_1"},
				"east": {"uv": [0, 0, 0, 0], "texture": "#1_1"},
				"west": {"uv": [0, 0, 0, 0], "texture": "#1_1"},
				"up": {"uv": [0, 0, 0, 0], "texture": "#1_1"},
				"down": {"uv": [0, 0, 0, 0], "texture": "#1_1"}
			}
		},
		{
			"from": [4.56, 8.309, 7.688],
			"to": [4.56, 11.507, 8.312],
			"rotation": {"angle": 22.5, "axis": "y", "origin": [3, 9.869, 8]},
			"faces": {
				"north": {"uv": [0, 0, 0, 0], "texture": "#1_1"},
				"east": {"uv": [8, 1, 16, 1.25], "rotation": 270, "texture": "#1_1"},
				"south": {"uv": [0, 0, 0, 0], "texture": "#1_1"},
				"up": {"uv": [0, 0, 0, 0], "texture": "#1_1"},
				"down": {"uv": [0, 0, 0, 0], "texture": "#1_1"}
			}
		},
		{
			"from": [1.44, 8.309, 7.688],
			"to": [1.44, 11.507, 8.312],
			"rotation": {"angle": -22.5, "axis": "y", "origin": [3, 9.869, 8]},
			"faces": {
				"north": {"uv": [0, 0, 0, 0], "texture": "#1_1"},
				"south": {"uv": [0, 0, 0, 0], "texture": "#1_1"},
				"west": {"uv": [8, 1, 16, 1.25], "rotation": 270, "texture": "#1_1"},
				"up": {"uv": [0, 0, 0, 0], "texture": "#1_1"},
				"down": {"uv": [0, 0, 0, 0], "texture": "#1_1"}
			}
		},
		{
			"from": [2.8206, 3.4847, 9.053],
			"to": [3.2574, 10.2707, 9.053],
			"rotation": {"angle": 0, "axis": "y", "origin": [3.039, 5.0447, 7.961]},
			"faces": {
				"east": {"uv": [3, 1, 3, 1], "texture": "#1_1"},
				"south": {"uv": [8, 1, 16, 1.25], "rotation": 270, "texture": "#1_1"},
				"west": {"uv": [0, 0, 0, 0], "texture": "#1_1"},
				"up": {"uv": [0, 0, 0, 0], "texture": "#1_1"},
				"down": {"uv": [0, 0, 0, 0], "texture": "#1_1"}
			}
		},
		{
			"from": [1.947, 3.4847, 7.7426],
			"to": [1.947, 10.2707, 8.1794],
			"rotation": {"angle": 22.5, "axis": "y", "origin": [3.039, 5.0447, 7.961]},
			"faces": {
				"north": {"uv": [0, 0, 0, 0], "texture": "#1_1"},
				"south": {"uv": [0, 0, 0, 0], "texture": "#1_1"},
				"west": {"uv": [7, 0, 15, 0.25], "rotation": 270, "texture": "#1_1"},
				"up": {"uv": [0, 0, 0, 0], "texture": "#1_1"},
				"down": {"uv": [0, 0, 0, 0], "texture": "#1_1"}
			}
		},
		{
			"from": [1.947, 3.4847, 7.7426],
			"to": [1.947, 10.2707, 8.1794],
			"rotation": {"angle": 0, "axis": "y", "origin": [3.039, 5.0447, 7.961]},
			"faces": {
				"north": {"uv": [0, 0, 0, 0], "texture": "#1_1"},
				"south": {"uv": [0, 0, 0, 0], "texture": "#1_1"},
				"west": {"uv": [7, 0, 15, 0.25], "rotation": 270, "texture": "#1_1"},
				"up": {"uv": [0, 0, 0, 0], "texture": "#1_1"},
				"down": {"uv": [0, 0, 0, 0], "texture": "#1_1"}
			}
		},
		{
			"from": [2.8206, 3.4847, 6.869],
			"to": [3.2574, 10.2707, 6.869],
			"rotation": {"angle": -45, "axis": "y", "origin": [3.039, 5.0447, 7.961]},
			"faces": {
				"north": {"uv": [8, 1, 16, 1.25], "rotation": 270, "texture": "#1_1"},
				"east": {"uv": [8, 1, 8, 1], "texture": "#1_1"},
				"west": {"uv": [0, 0, 0, 0], "texture": "#1_1"},
				"up": {"uv": [0, 0, 0, 0], "texture": "#1_1"},
				"down": {"uv": [0, 0, 0, 0], "texture": "#1_1"}
			}
		},
		{
			"from": [4.131, 3.4847, 7.7426],
			"to": [4.131, 10.2707, 8.1794],
			"rotation": {"angle": -22.5, "axis": "y", "origin": [3.039, 5.0447, 7.961]},
			"faces": {
				"east": {"uv": [3, 1, 11, 1.25], "rotation": 270, "texture": "#1_1"},
				"south": {"uv": [0, 0, 0, 0], "texture": "#1_1"},
				"up": {"uv": [0, 0, 0, 0], "texture": "#1_1"},
				"down": {"uv": [0, 0, 0, 0], "texture": "#1_1"}
			}
		},
		{
			"from": [2.8206, 3.4847, 6.869],
			"to": [3.2574, 10.2707, 6.869],
			"rotation": {"angle": 22.5, "axis": "y", "origin": [3.039, 5.0447, 7.961]},
			"faces": {
				"north": {"uv": [8, 1, 16, 1.25], "rotation": 270, "texture": "#1_1"},
				"east": {"uv": [0, 0, 0, 0], "texture": "#1_1"},
				"west": {"uv": [0, 0, 0, 0], "texture": "#1_1"},
				"up": {"uv": [0, 0, 0, 0], "texture": "#1_1"},
				"down": {"uv": [0, 0, 0, 0], "texture": "#1_1"}
			}
		},
		{
			"from": [2.8206, 3.4847, 9.053],
			"to": [3.2574, 10.2707, 9.053],
			"rotation": {"angle": 22.5, "axis": "y", "origin": [3.039, 5.0447, 7.961]},
			"faces": {
				"east": {"uv": [3, 1, 3, 1], "texture": "#1_1"},
				"south": {"uv": [8, 1, 16, 1.25], "rotation": 270, "texture": "#1_1"},
				"west": {"uv": [0, 0, 0, 0], "texture": "#1_1"},
				"up": {"uv": [0, 0, 0, 0], "texture": "#1_1"},
				"down": {"uv": [0, 0, 0, 0], "texture": "#1_1"}
			}
		},
		{
			"from": [1.947, 3.4847, 7.7426],
			"to": [1.947, 10.2707, 8.1794],
			"rotation": {"angle": 45, "axis": "y", "origin": [3.039, 5.0447, 7.961]},
			"faces": {
				"north": {"uv": [0, 0, 0, 0], "texture": "#1_1"},
				"south": {"uv": [0, 0, 0, 0], "texture": "#1_1"},
				"west": {"uv": [7, 0, 15, 0.25], "rotation": 270, "texture": "#1_1"},
				"up": {"uv": [0, 0, 0, 0], "texture": "#1_1"},
				"down": {"uv": [0, 0, 0, 0], "texture": "#1_1"}
			}
		},
		{
			"from": [2.8206, 3.4847, 6.869],
			"to": [3.2574, 10.2707, 6.869],
			"rotation": {"angle": -22.5, "axis": "y", "origin": [3.039, 5.0447, 7.961]},
			"faces": {
				"north": {"uv": [8, 1, 16, 1.25], "rotation": 270, "texture": "#1_1"},
				"east": {"uv": [0, 0, 0, 0], "texture": "#1_1"},
				"west": {"uv": [0, 0, 0, 0], "texture": "#1_1"},
				"up": {"uv": [0, 0, 0, 0], "texture": "#1_1"},
				"down": {"uv": [0, 0, 0, 0], "texture": "#1_1"}
			}
		},
		{
			"from": [4.131, 3.4847, 7.7426],
			"to": [4.131, 10.2707, 8.1794],
			"rotation": {"angle": 0, "axis": "y", "origin": [3.039, 5.0447, 7.961]},
			"faces": {
				"north": {"uv": [0, 0, 0, 0], "texture": "#1_1"},
				"east": {"uv": [8, 1, 16, 1.25], "rotation": 270, "texture": "#1_1"},
				"south": {"uv": [0, 0, 0, 0], "texture": "#1_1"},
				"up": {"uv": [0, 0, 0, 0], "texture": "#1_1"},
				"down": {"uv": [0, 0, 0, 0], "texture": "#1_1"}
			}
		},
		{
			"from": [1.947, 3.4847, 7.7426],
			"to": [1.947, 10.2707, 8.1794],
			"rotation": {"angle": -45, "axis": "y", "origin": [3.039, 5.0447, 7.961]},
			"faces": {
				"north": {"uv": [8, 1, 8, 1], "texture": "#1_1"},
				"south": {"uv": [0, 0, 0, 0], "texture": "#1_1"},
				"west": {"uv": [7, 0, 15, 0.25], "rotation": 270, "texture": "#1_1"},
				"up": {"uv": [0, 0, 0, 0], "texture": "#1_1"},
				"down": {"uv": [0, 0, 0, 0], "texture": "#1_1"}
			}
		},
		{
			"from": [2.8206, 3.4847, 9.053],
			"to": [3.2574, 10.2707, 9.053],
			"rotation": {"angle": 45, "axis": "y", "origin": [3.039, 5.0447, 7.961]},
			"faces": {
				"east": {"uv": [3, 1, 3, 1], "texture": "#1_1"},
				"south": {"uv": [8, 1, 16, 1.25], "rotation": 270, "texture": "#1_1"},
				"west": {"uv": [0, 0, 0, 0], "texture": "#1_1"},
				"up": {"uv": [0, 0, 0, 0], "texture": "#1_1"},
				"down": {"uv": [0, 0, 0, 0], "texture": "#1_1"}
			}
		},
		{
			"from": [2.8206, 3.4847, 9.053],
			"to": [3.2574, 10.2707, 9.053],
			"rotation": {"angle": -22.5, "axis": "y", "origin": [3.039, 5.0447, 7.961]},
			"faces": {
				"east": {"uv": [3, 1, 3, 1], "texture": "#1_1"},
				"south": {"uv": [8, 1, 16, 1.25], "rotation": 270, "texture": "#1_1"},
				"west": {"uv": [0, 0, 0, 0], "texture": "#1_1"},
				"up": {"uv": [0, 0, 0, 0], "texture": "#1_1"},
				"down": {"uv": [0, 0, 0, 0], "texture": "#1_1"}
			}
		},
		{
			"from": [2.8206, 3.4847, 6.869],
			"to": [3.2574, 10.2707, 6.869],
			"rotation": {"angle": 0, "axis": "y", "origin": [3.039, 5.0447, 7.961]},
			"faces": {
				"north": {"uv": [8, 1, 16, 1.25], "rotation": 270, "texture": "#1_1"},
				"east": {"uv": [0, 0, 0, 0], "texture": "#1_1"},
				"west": {"uv": [0, 0, 0, 0], "texture": "#1_1"},
				"up": {"uv": [0, 0, 0, 0], "texture": "#1_1"},
				"down": {"uv": [0, 0, 0, 0], "texture": "#1_1"}
			}
		},
		{
			"from": [4.131, 3.4847, 7.7426],
			"to": [4.131, 10.2707, 8.1794],
			"rotation": {"angle": 22.5, "axis": "y", "origin": [3.039, 5.0447, 7.961]},
			"faces": {
				"north": {"uv": [0, 0, 0, 0], "texture": "#1_1"},
				"east": {"uv": [8, 1, 16, 1.25], "rotation": 270, "texture": "#1_1"},
				"south": {"uv": [0, 0, 0, 0], "texture": "#1_1"},
				"up": {"uv": [0, 0, 0, 0], "texture": "#1_1"},
				"down": {"uv": [0, 0, 0, 0], "texture": "#1_1"}
			}
		},
		{
			"from": [1.947, 3.4847, 7.7426],
			"to": [1.947, 10.2707, 8.1794],
			"rotation": {"angle": -22.5, "axis": "y", "origin": [3.039, 5.0447, 7.961]},
			"faces": {
				"north": {"uv": [8, 1, 8, 1], "texture": "#1_1"},
				"south": {"uv": [0, 0, 0, 0], "texture": "#1_1"},
				"west": {"uv": [7, 0, 15, 0.25], "rotation": 270, "texture": "#1_1"},
				"up": {"uv": [0, 0, 0, 0], "texture": "#1_1"},
				"down": {"uv": [0, 0, 0, 0], "texture": "#1_1"}
			}
		},
		{
			"from": [2.688, 1.991, 9.56],
			"to": [3.312, 3.629, 9.56],
			"rotation": {"angle": 0, "axis": "y", "origin": [3, 1.991, 8]},
			"faces": {
				"east": {"uv": [8, 1, 8, 1], "texture": "#1_1"},
				"south": {"uv": [8, 1, 16, 1.25], "rotation": 270, "texture": "#1_1"},
				"west": {"uv": [3, 1, 3, 1], "texture": "#1_1"},
				"up": {"uv": [0, 0, 0, 0], "texture": "#1_1"},
				"down": {"uv": [0, 0, 0, 0], "texture": "#1_1"}
			}
		},
		{
			"from": [1.44, 1.991, 7.688],
			"to": [1.44, 3.629, 8.312],
			"rotation": {"angle": 22.5, "axis": "y", "origin": [3, 1.991, 8]},
			"faces": {
				"north": {"uv": [0, 0, 0, 0], "texture": "#1_1"},
				"south": {"uv": [0, 0, 0, 0], "texture": "#1_1"},
				"west": {"uv": [3, 1, 11, 1.25], "rotation": 270, "texture": "#1_1"},
				"up": {"uv": [0, 0, 0, 0], "texture": "#1_1"},
				"down": {"uv": [0, 0, 0, 0], "texture": "#1_1"}
			}
		},
		{
			"from": [1.44, 1.991, 7.688],
			"to": [1.44, 3.629, 8.312],
			"rotation": {"angle": 0, "axis": "y", "origin": [3, 1.991, 8]},
			"faces": {
				"north": {"uv": [0, 0, 0, 0], "texture": "#1_1"},
				"south": {"uv": [0, 0, 0, 0], "texture": "#1_1"},
				"west": {"uv": [3, 1, 11, 1.25], "rotation": 270, "texture": "#1_1"},
				"up": {"uv": [0, 0, 0, 0], "texture": "#1_1"},
				"down": {"uv": [0, 0, 0, 0], "texture": "#1_1"}
			}
		},
		{
			"from": [2.688, 1.991, 6.44],
			"to": [3.312, 3.629, 6.44],
			"rotation": {"angle": -45, "axis": "y", "origin": [3, 1.991, 8]},
			"faces": {
				"north": {"uv": [2, 1, 10, 1.25], "rotation": 270, "texture": "#1_1"},
				"east": {"uv": [8, 1, 8, 1], "texture": "#1_1"},
				"west": {"uv": [0, 0, 0, 0], "texture": "#1_1"},
				"up": {"uv": [0, 0, 0, 0], "texture": "#1_1"},
				"down": {"uv": [0, 0, 0, 0], "texture": "#1_1"}
			}
		},
		{
			"from": [4.56, 1.991, 7.688],
			"to": [4.56, 3.629, 8.312],
			"rotation": {"angle": -22.5, "axis": "y", "origin": [3, 1.991, 8]},
			"faces": {
				"east": {"uv": [8, 1, 16, 1.25], "rotation": 270, "texture": "#1_1"},
				"south": {"uv": [0, 0, 0, 0], "texture": "#1_1"},
				"up": {"uv": [0, 0, 0, 0], "texture": "#1_1"},
				"down": {"uv": [0, 0, 0, 0], "texture": "#1_1"}
			}
		},
		{
			"from": [2.688, 1.991, 6.44],
			"to": [3.312, 3.629, 6.44],
			"rotation": {"angle": 22.5, "axis": "y", "origin": [3, 1.991, 8]},
			"faces": {
				"north": {"uv": [2, 1, 10, 1.25], "rotation": 270, "texture": "#1_1"},
				"east": {"uv": [8, 1, 8, 1], "texture": "#1_1"},
				"west": {"uv": [0, 0, 0, 0], "texture": "#1_1"},
				"up": {"uv": [0, 0, 0, 0], "texture": "#1_1"},
				"down": {"uv": [0, 0, 0, 0], "texture": "#1_1"}
			}
		},
		{
			"from": [2.688, 1.991, 9.56],
			"to": [3.312, 3.629, 9.56],
			"rotation": {"angle": 22.5, "axis": "y", "origin": [3, 1.991, 8]},
			"faces": {
				"east": {"uv": [8, 1, 8, 1], "texture": "#1_1"},
				"south": {"uv": [8, 1, 16, 1.25], "rotation": 270, "texture": "#1_1"},
				"west": {"uv": [3, 1, 3, 1], "texture": "#1_1"},
				"up": {"uv": [0, 0, 0, 0], "texture": "#1_1"},
				"down": {"uv": [0, 0, 0, 0], "texture": "#1_1"}
			}
		},
		{
			"from": [1.44, 1.991, 7.688],
			"to": [1.44, 3.629, 8.312],
			"rotation": {"angle": 45, "axis": "y", "origin": [3, 1.991, 8]},
			"faces": {
				"north": {"uv": [0, 0, 0, 0], "texture": "#1_1"},
				"south": {"uv": [0, 0, 0, 0], "texture": "#1_1"},
				"west": {"uv": [3, 1, 11, 1.25], "rotation": 270, "texture": "#1_1"},
				"up": {"uv": [0, 0, 0, 0], "texture": "#1_1"},
				"down": {"uv": [0, 0, 0, 0], "texture": "#1_1"}
			}
		},
		{
			"from": [2.688, 1.991, 6.44],
			"to": [3.312, 3.629, 6.44],
			"rotation": {"angle": -22.5, "axis": "y", "origin": [3, 1.991, 8]},
			"faces": {
				"north": {"uv": [2, 1, 10, 1.25], "rotation": 270, "texture": "#1_1"},
				"east": {"uv": [8, 1, 8, 1], "texture": "#1_1"},
				"west": {"uv": [0, 0, 0, 0], "texture": "#1_1"},
				"up": {"uv": [0, 0, 0, 0], "texture": "#1_1"},
				"down": {"uv": [0, 0, 0, 0], "texture": "#1_1"}
			}
		},
		{
			"from": [4.56, 1.991, 7.688],
			"to": [4.56, 3.629, 8.312],
			"rotation": {"angle": 0, "axis": "y", "origin": [3, 1.991, 8]},
			"faces": {
				"north": {"uv": [0, 0, 0, 0], "texture": "#1_1"},
				"east": {"uv": [8, 1, 16, 1.25], "rotation": 270, "texture": "#1_1"},
				"south": {"uv": [0, 0, 0, 0], "texture": "#1_1"},
				"up": {"uv": [0, 0, 0, 0], "texture": "#1_1"},
				"down": {"uv": [0, 0, 0, 0], "texture": "#1_1"}
			}
		},
		{
			"from": [1.44, 1.991, 7.688],
			"to": [1.44, 3.629, 8.312],
			"rotation": {"angle": -45, "axis": "y", "origin": [3, 1.991, 8]},
			"faces": {
				"north": {"uv": [2, 1, 2, 1], "texture": "#1_1"},
				"south": {"uv": [0, 0, 0, 0], "texture": "#1_1"},
				"west": {"uv": [8, 1, 16, 1.25], "rotation": 270, "texture": "#1_1"},
				"up": {"uv": [0, 0, 0, 0], "texture": "#1_1"},
				"down": {"uv": [0, 0, 0, 0], "texture": "#1_1"}
			}
		},
		{
			"from": [2.688, 1.991, 9.56],
			"to": [3.312, 3.629, 9.56],
			"rotation": {"angle": 45, "axis": "y", "origin": [3, 1.991, 8]},
			"faces": {
				"east": {"uv": [8, 1, 8, 1], "texture": "#1_1"},
				"south": {"uv": [8, 1, 16, 1.25], "rotation": 270, "texture": "#1_1"},
				"west": {"uv": [3, 1, 3, 1], "texture": "#1_1"},
				"up": {"uv": [0, 0, 0, 0], "texture": "#1_1"},
				"down": {"uv": [0, 0, 0, 0], "texture": "#1_1"}
			}
		},
		{
			"from": [2.688, 1.991, 9.56],
			"to": [3.312, 3.629, 9.56],
			"rotation": {"angle": -22.5, "axis": "y", "origin": [3, 1.991, 8]},
			"faces": {
				"east": {"uv": [8, 1, 8, 1], "texture": "#1_1"},
				"south": {"uv": [8, 1, 16, 1.25], "rotation": 270, "texture": "#1_1"},
				"west": {"uv": [3, 1, 3, 1], "texture": "#1_1"},
				"up": {"uv": [0, 0, 0, 0], "texture": "#1_1"},
				"down": {"uv": [0, 0, 0, 0], "texture": "#1_1"}
			}
		},
		{
			"from": [2.688, 1.991, 6.44],
			"to": [3.312, 3.629, 6.44],
			"rotation": {"angle": 0, "axis": "y", "origin": [3, 1.991, 8]},
			"faces": {
				"north": {"uv": [2, 1, 10, 1.25], "rotation": 270, "texture": "#1_1"},
				"east": {"uv": [8, 1, 8, 1], "texture": "#1_1"},
				"west": {"uv": [0, 0, 0, 0], "texture": "#1_1"},
				"up": {"uv": [0, 0, 0, 0], "texture": "#1_1"},
				"down": {"uv": [0, 0, 0, 0], "texture": "#1_1"}
			}
		},
		{
			"from": [4.56, 1.991, 7.688],
			"to": [4.56, 3.629, 8.312],
			"rotation": {"angle": 22.5, "axis": "y", "origin": [3, 1.991, 8]},
			"faces": {
				"north": {"uv": [0, 0, 0, 0], "texture": "#1_1"},
				"east": {"uv": [8, 1, 16, 1.25], "rotation": 270, "texture": "#1_1"},
				"south": {"uv": [0, 0, 0, 0], "texture": "#1_1"},
				"up": {"uv": [0, 0, 0, 0], "texture": "#1_1"},
				"down": {"uv": [0, 0, 0, 0], "texture": "#1_1"}
			}
		},
		{
			"from": [1.44, 1.991, 7.688],
			"to": [1.44, 3.629, 8.312],
			"rotation": {"angle": -22.5, "axis": "y", "origin": [3, 1.991, 8]},
			"faces": {
				"north": {"uv": [2, 1, 2, 1], "texture": "#1_1"},
				"south": {"uv": [0, 0, 0, 0], "texture": "#1_1"},
				"west": {"uv": [8, 1, 16, 1.25], "rotation": 270, "texture": "#1_1"},
				"up": {"uv": [0, 0, 0, 0], "texture": "#1_1"},
				"down": {"uv": [0, 0, 0, 0], "texture": "#1_1"}
			}
		}
	],
	"display": {
		"thirdperson_righthand": {
			"rotation": [0.75, 96, 0],
			"translation": [-6.25, 3.5, -5.5],
			"scale": [0.8, 0.8, 0.8]
		},
		"thirdperson_lefthand": {
			"rotation": [0, -168, 0],
			"translation": [7.75, 3, 5.75],
			"scale": [0.8, 0.8, 0.8]
		},
		"firstperson_righthand": {
			"rotation": [3, 13, 14],
			"translation": [5.75, 4, -18.5],
			"scale": [0.97, 1, 0.74]
		},
		"firstperson_lefthand": {
			"rotation": [-10, -106, -15],
			"translation": [22.75, 1, -15.25],
			"scale": [0.77, 1, 0.94]
		},
		"ground": {
			"translation": [5, 3.75, -5],
			"scale": [0.6, 0.6, 0.6]
		},
		"gui": {
			"rotation": [21, 8, 0],
			"translation": [0.75, 4.5, 0],
			"scale": [0.74, 0.74, 0.74]
		},
		"head": {
			"rotation": [0, -103.75, 0],
			"translation": [9.25, 14.5, 8]
		},
		"fixed": {
			"rotation": [0, 177.25, 0],
			"translation": [-3, 1, 5.25],
			"scale": [0.8, 0.8, 0.8]
		}
	},
	"groups": [0, 1, 2, 3, 4, 5,
		{
			"name": "template_torch",
			"origin": [8, 8, 8],
			"children": [
				{
					"name": "group",
					"origin": [8, 8, 8],
					"children": [6, 7, 8, 9,
						{
							"name": "cylinder",
							"origin": [16, 0, 0],
							"children": [10, 11, 12, 13, 14, 15, 16, 17, 18, 19, 20, 21, 22, 23, 24, 25]
						},
						{
							"name": "cylinder",
							"origin": [16, 0, 0],
							"children": [26, 27, 28, 29, 30, 31, 32, 33, 34, 35, 36, 37, 38, 39, 40, 41]
						},
						{
							"name": "cylinder",
							"origin": [16, 0, 0],
							"children": [42, 43, 44, 45, 46, 47, 48, 49, 50, 51, 52, 53, 54, 55, 56, 57]
						},
						{
							"name": "cylinder",
							"origin": [16, 0, 0],
							"children": [58, 59, 60, 61, 62, 63, 64, 65, 66, 67, 68, 69, 70, 71, 72, 73]
						},
						{
							"name": "cylinder",
							"origin": [16, 0, 0],
							"children": [74, 75, 76, 77, 78, 79, 80, 81, 82, 83, 84, 85, 86, 87, 88, 89]
						}
					]
				}
			]
		}
	]
}