{
	"credit": "Made with Blockbench",
	"ambientocclusion": false,
	"textures": {
		"0": "block/grass_overlay",
		"1": "block/dark_green_leaves_block_top",
		"3": "block/emerald_block_bottom",
		"4": "block/spruce_sapling",
		"1_1": "block/spruce_log_block_side",
		"particle": "block/green_leaves_overlay"
	},
	"elements": [
		{
			"from": [8, 0, 0],
			"to": [16, 9.75, 8],
			"faces": {
				"north": {"uv": [8, 6.25, 16, 16], "texture": "#1_1"},
				"east": {"uv": [8, 6.25, 16, 16], "texture": "#1_1"},
				"south": {"uv": [8, 6.25, 16, 16], "texture": "#1_1"},
				"west": {"uv": [8, 6.25, 16, 16], "texture": "#1_1"}
			}
		},
		{
			"from": [4, 9.7, -4],
			"to": [20, 19.3, 12],
			"faces": {
				"north": {"uv": [16, 0, 0, 9.625], "texture": "#4"},
				"east": {"uv": [0, 0, 16, 9.625], "texture": "#4"},
				"south": {"uv": [0, 0, 16, 9.625], "texture": "#4"},
				"west": {"uv": [0, 0, 16, 9.625], "texture": "#4"},
				"up": {"uv": [0.04688, 0.04688, 16, 16], "texture": "#1"},
				"down": {"uv": [0, 0, 16, 16], "texture": "#3"}
			}
		},
		{
			"name": "top overlay",
			"from": [4, 20.7, -4],
			"to": [20, 20.7, 12],
			"rotation": {"angle": 0, "axis": "y", "origin": [12, 24, 13]},
			"faces": {
				"up": {"uv": [0, 0, 16, 16], "texture": "#0"},
				"down": {"uv": [0, 0, 16, 16], "texture": "#0"}
			}
		},
		{
			"name": "top overlay",
			"from": [4, 20.5, -4],
			"to": [20, 20.5, 12],
			"rotation": {"angle": 0, "axis": "y", "origin": [12, 24, 13]},
			"faces": {
				"up": {"uv": [0, 0, 16, 16], "texture": "#0"},
				"down": {"uv": [0, 0, 16, 16], "texture": "#0"}
			}
		},
		{
			"name": "top overlay",
			"from": [4, 20.3, -4],
			"to": [20, 20.3, 12],
			"rotation": {"angle": 0, "axis": "y", "origin": [12, 24, 13]},
			"faces": {
				"up": {"uv": [0, 0, 16, 16], "texture": "#0"},
				"down": {"uv": [0, 0, 16, 16], "texture": "#0"}
			}
		},
		{
			"name": "top overlay",
			"from": [4, 20.1, -4],
			"to": [20, 20.1, 12],
			"rotation": {"angle": 0, "axis": "y", "origin": [12, 24, 13]},
			"faces": {
				"up": {"uv": [0, 0, 16, 16], "texture": "#0"},
				"down": {"uv": [0, 0, 16, 16], "texture": "#0"}
			}
		},
		{
			"name": "top overlay",
			"from": [4, 19.9, -4],
			"to": [20, 19.9, 12],
			"rotation": {"angle": 0, "axis": "y", "origin": [12, 23, 13]},
			"faces": {
				"up": {"uv": [0, 0, 16, 16], "texture": "#0"},
				"down": {"uv": [0, 0, 16, 16], "texture": "#0"}
			}
		},
		{
			"name": "top overlay",
			"from": [4, 19.7, -4],
			"to": [20, 19.7, 12],
			"rotation": {"angle": 0, "axis": "y", "origin": [12, 23, 13]},
			"faces": {
				"up": {"uv": [0, 0, 16, 16], "texture": "#0"},
				"down": {"uv": [0, 0, 16, 16], "texture": "#0"}
			}
		},
		{
			"name": "top overlay",
			"from": [4, 19.5, -4],
			"to": [20, 19.5, 12],
			"rotation": {"angle": 0, "axis": "y", "origin": [12, 23, 13]},
			"faces": {
				"up": {"uv": [0, 0, 16, 16], "texture": "#0"},
				"down": {"uv": [0, 0, 16, 16], "texture": "#0"}
			}
		}
	],
	"display": {
		"thirdperson_righthand": {
			"scale": [0.5, 0.5, 0.5]
		},
		"thirdperson_lefthand": {
			"scale": [0.5, 0.5, 0.5]
		},
		"firstperson_righthand": {
			"rotation": [5, 45, 0],
			"scale": [0.5, 0.5, 0.5]
		},
		"firstperson_lefthand": {
			"rotation": [5, 45, 0],
			"scale": [0.5, 0.5, 0.5]
		},
		"ground": {
			"translation": [0, 4, 0],
			"scale": [0.4, 0.4, 0.4]
		},
		"gui": {
			"rotation": [20, 45, 0],
			"scale": [0.54, 0.54, 0.54]
		}
	},
	"groups": [0,
		{
			"name": "group",
			"origin": [12, 23, 13],
			"color": 0,
			"children": [1, 2, 3, 4, 5, 6, 7, 8]
		}
	]
}