{
  "display": {
    "icon": {
      "id": "minecraft:copper_ingot"
    },
    "title": "You'll Never Catch me Copper!",
    "description": "Obtain a copper ingot from killing a Drowned",
    "show_toast": true,
    "announce_to_chat": true
  },
  "parent": "minecraft:story/zombie_hunter",
  "criteria": {
    "requirement": {
      "trigger": "minecraft:inventory_changed",
      "conditions": {
        "items": [
          {
            "items": [
              "minecraft:copper_ingot"
            ]
          }
        ]
      }
    }
  },
  "sends_telemetry_event": true
}
