{"type":"minecraft:chest","pools":[{"rolls":1,"entries":[{"type":"minecraft:item","name":"minecraft:spruce_sapling","weight":1,"functions":[{"function":"minecraft:set_count","count":{"min":2,"max":3}}]}]},{"rolls":1,"entries":[{"type":"minecraft:item","name":"minecraft:map","weight":1,"functions":[{"function":"minecraft:set_count","count":1}]}]},{"rolls":1,"entries":[{"type":"minecraft:item","name":"minecraft:coal","weight":1,"functions":[{"function":"minecraft:set_count","count":{"min":3,"max":5}}]}]}]}