{"type":"minecraft:chest","pools":[{"rolls":1,"entries":[{"type":"minecraft:item","name":"minecraft:cobweb","weight":1,"functions":[{"function":"minecraft:set_count","count":{"min":2,"max":3}}]}]},{"rolls":1,"entries":[{"type":"minecraft:item","name":"minecraft:acacia_sapling","weight":1,"functions":[{"function":"minecraft:set_count","count":1}]}]},{"rolls":1,"entries":[{"type":"minecraft:item","name":"minecraft:mangrove_propagule","weight":1,"functions":[{"function":"minecraft:set_count","count":1}]}]},{"rolls":1,"entries":[{"type":"minecraft:item","name":"minecraft:experience_bottle","weight":1,"functions":[{"function":"minecraft:set_count","count":{"min":7,"max":10}}]}]},{"rolls":1,"entries":[{"type":"minecraft:item","name":"minecraft:emerald","weight":1,"functions":[{"function":"minecraft:set_count","count":{"min":6,"max":9}}]}]}]}