{"type":"minecraft:chest","pools":[{"rolls":{"min":2,"max":3},"bonus_rolls":{"min":0,"max":1},"entries":[{"type":"minecraft:item","name":"minecraft:dead_bush","weight":8,"functions":[{"function":"minecraft:set_count","count":{"min":2,"max":4}}]},{"type":"minecraft:item","name":"minecraft:bone","weight":7,"functions":[{"function":"minecraft:set_count","count":{"min":2,"max":4}}]},{"type":"minecraft:item","name":"minecraft:coal","weight":5,"functions":[{"function":"minecraft:set_count","count":{"min":2,"max":3}}]},{"type":"minecraft:item","name":"minecraft:redstone","weight":5,"functions":[{"function":"minecraft:set_count","count":{"min":2,"max":5}}]},{"type":"minecraft:item","name":"minecraft:armadillo_scute","weight":5,"functions":[{"function":"minecraft:set_count","count":{"min":2,"max":3}}]},{"type":"minecraft:item","name":"minecraft:acacia_sapling","weight":5,"functions":[{"function":"minecraft:set_count","count":{"min":1,"max":2}}]},{"type":"minecraft:item","name":"minecraft:mangrove_propagule","weight":5,"functions":[{"function":"minecraft:set_count","count":{"min":1,"max":2}}]},{"type":"minecraft:item","name":"minecraft:emerald","weight":4,"functions":[{"function":"minecraft:set_count","count":{"min":1,"max":2}}]},{"type":"minecraft:item","name":"minecraft:copper_ingot","weight":3,"functions":[{"function":"minecraft:set_count","count":{"min":1,"max":2}}]},{"type":"minecraft:item","name":"minecraft:cactus","weight":4,"functions":[{"function":"minecraft:set_count","count":{"min":2,"max":3}}]},{"type":"minecraft:item","name":"minecraft:slime_ball","weight":2,"functions":[{"function":"minecraft:set_count","count":{"min":1,"max":3}}]},{"type":"minecraft:item","name":"minecraft:experience_bottle","weight":2,"functions":[{"function":"minecraft:set_count","count":{"min":1,"max":3}}]}]}]}