{"type":"minecraft:chest","pools":[{"rolls":1,"entries":[{"type":"minecraft:item","name":"minecraft:lava_bucket","weight":1,"functions":[{"function":"minecraft:set_count","count":1}]}]},{"rolls":1,"entries":[{"type":"minecraft:item","name":"minecraft:netherite_scrap","weight":1,"functions":[{"function":"minecraft:set_count","count":{"min":2,"max":3}}]}]},{"rolls":1,"entries":[{"type":"minecraft:item","name":"minecraft:blaze_rod","weight":1,"functions":[{"function":"minecraft:set_count","count":{"min":2,"max":3}}]}]},{"rolls":1,"entries":[{"type":"minecraft:item","name":"minecraft:fire_charge","weight":1,"functions":[{"function":"minecraft:set_count","count":{"min":2,"max":3}}]}]},{"rolls":1,"entries":[{"type":"minecraft:item","name":"minecraft:magma_cream","weight":1,"functions":[{"function":"minecraft:set_count","count":{"min":2,"max":3}}]}]},{"rolls":1,"entries":[{"type":"minecraft:item","name":"minecraft:blaze_powder","weight":1,"functions":[{"function":"minecraft:set_count","count":{"min":1,"max":2}}]}]}]}