{"type":"minecraft:chest","pools":[{"rolls":1,"entries":[{"type":"minecraft:item","name":"minecraft:phantom_membrane","weight":1,"functions":[{"function":"minecraft:set_count","count":{"min":1,"max":2}}]}]},{"rolls":1,"entries":[{"type":"minecraft:item","name":"minecraft:experience_bottle","weight":1,"functions":[{"function":"minecraft:set_count","count":{"min":8,"max":10}}]}]},{"rolls":1,"entries":[{"type":"minecraft:item","name":"minecraft:lapis_lazuli","weight":1,"functions":[{"function":"minecraft:set_count","count":{"min":6,"max":8}}]}]},{"rolls":1,"entries":[{"type":"minecraft:item","name":"minecraft:budding_amethyst","weight":1,"functions":[{"function":"minecraft:set_count","count":1}]}]},{"rolls":1,"entries":[{"type":"minecraft:item","name":"minecraft:mace","weight":1,"functions":[{"function":"minecraft:set_count","count":1}]}]}]}