{"type":"minecraft:chest","pools":[{"rolls":1,"entries":[{"type":"minecraft:item","name":"minecraft:allay_spawn_egg","weight":1,"functions":[{"function":"minecraft:set_count","count":1}]},{"type":"minecraft:item","name":"minecraft:armadillo_spawn_egg","weight":1,"functions":[{"function":"minecraft:set_count","count":1}]},{"type":"minecraft:item","name":"minecraft:axolotl_spawn_egg","weight":1,"functions":[{"function":"minecraft:set_count","count":1}]},{"type":"minecraft:item","name":"minecraft:bat_spawn_egg","weight":1,"functions":[{"function":"minecraft:set_count","count":1}]},{"type":"minecraft:item","name":"minecraft:bee_spawn_egg","weight":1,"functions":[{"function":"minecraft:set_count","count":1}]},{"type":"minecraft:item","name":"minecraft:blaze_spawn_egg","weight":1,"functions":[{"function":"minecraft:set_count","count":1}]},{"type":"minecraft:item","name":"minecraft:breeze_spawn_egg","weight":1,"functions":[{"function":"minecraft:set_count","count":1}]},{"type":"minecraft:item","name":"minecraft:camel_spawn_egg","weight":1,"functions":[{"function":"minecraft:set_count","count":1}]},{"type":"minecraft:item","name":"minecraft:cave_spider_spawn_egg","weight":1,"functions":[{"function":"minecraft:set_count","count":1}]},{"type":"minecraft:item","name":"minecraft:cat_spawn_egg","weight":1,"functions":[{"function":"minecraft:set_count","count":1}]},{"type":"minecraft:item","name":"minecraft:chicken_spawn_egg","weight":1,"functions":[{"function":"minecraft:set_count","count":1}]},{"type":"minecraft:item","name":"minecraft:cod_spawn_egg","weight":1,"functions":[{"function":"minecraft:set_count","count":1}]},{"type":"minecraft:item","name":"minecraft:cow_spawn_egg","weight":1,"functions":[{"function":"minecraft:set_count","count":1}]},{"type":"minecraft:item","name":"minecraft:creeper_spawn_egg","weight":1,"functions":[{"function":"minecraft:set_count","count":1}]},{"type":"minecraft:item","name":"minecraft:dolphin_spawn_egg","weight":1,"functions":[{"function":"minecraft:set_count","count":1}]},{"type":"minecraft:item","name":"minecraft:donkey_spawn_egg","weight":1,"functions":[{"function":"minecraft:set_count","count":1}]},{"type":"minecraft:item","name":"minecraft:drowned_spawn_egg","weight":1,"functions":[{"function":"minecraft:set_count","count":1}]},{"type":"minecraft:item","name":"minecraft:elder_guardian_spawn_egg","weight":1,"functions":[{"function":"minecraft:set_count","count":1}]},{"type":"minecraft:item","name":"minecraft:enderman_spawn_egg","weight":1,"functions":[{"function":"minecraft:set_count","count":1}]},{"type":"minecraft:item","name":"minecraft:endermite_spawn_egg","weight":1,"functions":[{"function":"minecraft:set_count","count":1}]},{"type":"minecraft:item","name":"minecraft:evoker_spawn_egg","weight":1,"functions":[{"function":"minecraft:set_count","count":1}]},{"type":"minecraft:item","name":"minecraft:fox_spawn_egg","weight":1,"functions":[{"function":"minecraft:set_count","count":1}]},{"type":"minecraft:item","name":"minecraft:frog_spawn_egg","weight":1,"functions":[{"function":"minecraft:set_count","count":1}]},{"type":"minecraft:item","name":"minecraft:ghast_spawn_egg","weight":1,"functions":[{"function":"minecraft:set_count","count":1}]},{"type":"minecraft:item","name":"minecraft:glow_squid_spawn_egg","weight":1,"functions":[{"function":"minecraft:set_count","count":1}]},{"type":"minecraft:item","name":"minecraft:goat_spawn_egg","weight":1,"functions":[{"function":"minecraft:set_count","count":1}]},{"type":"minecraft:item","name":"minecraft:guardian_spawn_egg","weight":1,"functions":[{"function":"minecraft:set_count","count":1}]},{"type":"minecraft:item","name":"minecraft:hoglin_spawn_egg","weight":1,"functions":[{"function":"minecraft:set_count","count":1}]},{"type":"minecraft:item","name":"minecraft:horse_spawn_egg","weight":1,"functions":[{"function":"minecraft:set_count","count":1}]},{"type":"minecraft:item","name":"minecraft:husk_spawn_egg","weight":1,"functions":[{"function":"minecraft:set_count","count":1}]},{"type":"minecraft:item","name":"minecraft:llama_spawn_egg","weight":1,"functions":[{"function":"minecraft:set_count","count":1}]},{"type":"minecraft:item","name":"minecraft:magma_cube_spawn_egg","weight":1,"functions":[{"function":"minecraft:set_count","count":1}]},{"type":"minecraft:item","name":"minecraft:mooshroom_spawn_egg","weight":1,"functions":[{"function":"minecraft:set_count","count":1}]},{"type":"minecraft:item","name":"minecraft:mule_spawn_egg","weight":1,"functions":[{"function":"minecraft:set_count","count":1}]},{"type":"minecraft:item","name":"minecraft:ocelot_spawn_egg","weight":1,"functions":[{"function":"minecraft:set_count","count":1}]},{"type":"minecraft:item","name":"minecraft:panda_spawn_egg","weight":1,"functions":[{"function":"minecraft:set_count","count":1}]},{"type":"minecraft:item","name":"minecraft:parrot_spawn_egg","weight":1,"functions":[{"function":"minecraft:set_count","count":1}]},{"type":"minecraft:item","name":"minecraft:phantom_spawn_egg","weight":1,"functions":[{"function":"minecraft:set_count","count":1}]},{"type":"minecraft:item","name":"minecraft:pig_spawn_egg","weight":1,"functions":[{"function":"minecraft:set_count","count":1}]},{"type":"minecraft:item","name":"minecraft:piglin_spawn_egg","weight":1,"functions":[{"function":"minecraft:set_count","count":1}]},{"type":"minecraft:item","name":"minecraft:piglin_brute_spawn_egg","weight":1,"functions":[{"function":"minecraft:set_count","count":1}]},{"type":"minecraft:item","name":"minecraft:polar_bear_spawn_egg","weight":1,"functions":[{"function":"minecraft:set_count","count":1}]},{"type":"minecraft:item","name":"minecraft:pufferfish_spawn_egg","weight":1,"functions":[{"function":"minecraft:set_count","count":1}]},{"type":"minecraft:item","name":"minecraft:rabbit_spawn_egg","weight":1,"functions":[{"function":"minecraft:set_count","count":1}]},{"type":"minecraft:item","name":"minecraft:ravager_spawn_egg","weight":1,"functions":[{"function":"minecraft:set_count","count":1}]},{"type":"minecraft:item","name":"minecraft:salmon_spawn_egg","weight":1,"functions":[{"function":"minecraft:set_count","count":1}]},{"type":"minecraft:item","name":"minecraft:sheep_spawn_egg","weight":1,"functions":[{"function":"minecraft:set_count","count":1}]},{"type":"minecraft:item","name":"minecraft:shulker_spawn_egg","weight":1,"functions":[{"function":"minecraft:set_count","count":1}]},{"type":"minecraft:item","name":"minecraft:silverfish_spawn_egg","weight":1,"functions":[{"function":"minecraft:set_count","count":1}]},{"type":"minecraft:item","name":"minecraft:skeleton_spawn_egg","weight":1,"functions":[{"function":"minecraft:set_count","count":1}]},{"type":"minecraft:item","name":"minecraft:slime_spawn_egg","weight":1,"functions":[{"function":"minecraft:set_count","count":1}]},{"type":"minecraft:item","name":"minecraft:sniffer_spawn_egg","weight":1,"functions":[{"function":"minecraft:set_count","count":1}]},{"type":"minecraft:item","name":"minecraft:spider_spawn_egg","weight":1,"functions":[{"function":"minecraft:set_count","count":1}]},{"type":"minecraft:item","name":"minecraft:squid_spawn_egg","weight":1,"functions":[{"function":"minecraft:set_count","count":1}]},{"type":"minecraft:item","name":"minecraft:stray_spawn_egg","weight":1,"functions":[{"function":"minecraft:set_count","count":1}]},{"type":"minecraft:item","name":"minecraft:strider_spawn_egg","weight":1,"functions":[{"function":"minecraft:set_count","count":1}]},{"type":"minecraft:item","name":"minecraft:tadpole_spawn_egg","weight":1,"functions":[{"function":"minecraft:set_count","count":1}]},{"type":"minecraft:item","name":"minecraft:trader_llama_spawn_egg","weight":1,"functions":[{"function":"minecraft:set_count","count":1}]},{"type":"minecraft:item","name":"minecraft:tropical_fish_spawn_egg","weight":1,"functions":[{"function":"minecraft:set_count","count":1}]},{"type":"minecraft:item","name":"minecraft:turtle_spawn_egg","weight":1,"functions":[{"function":"minecraft:set_count","count":1}]},{"type":"minecraft:item","name":"minecraft:vex_spawn_egg","weight":1,"functions":[{"function":"minecraft:set_count","count":1}]},{"type":"minecraft:item","name":"minecraft:villager_spawn_egg","weight":1,"functions":[{"function":"minecraft:set_count","count":1}]},{"type":"minecraft:item","name":"minecraft:vindicator_spawn_egg","weight":1,"functions":[{"function":"minecraft:set_count","count":1}]},{"type":"minecraft:item","name":"minecraft:wandering_trader_spawn_egg","weight":1,"functions":[{"function":"minecraft:set_count","count":1}]},{"type":"minecraft:item","name":"minecraft:warden_spawn_egg","weight":1,"functions":[{"function":"minecraft:set_count","count":1}]},{"type":"minecraft:item","name":"minecraft:witch_spawn_egg","weight":1,"functions":[{"function":"minecraft:set_count","count":1}]},{"type":"minecraft:item","name":"minecraft:wither_skeleton_spawn_egg","weight":1,"functions":[{"function":"minecraft:set_count","count":1}]},{"type":"minecraft:item","name":"minecraft:wolf_spawn_egg","weight":1,"functions":[{"function":"minecraft:set_count","count":1}]},{"type":"minecraft:item","name":"minecraft:zombie_spawn_egg","weight":1,"functions":[{"function":"minecraft:set_count","count":1}]},{"type":"minecraft:item","name":"minecraft:zombie_villager_spawn_egg","weight":1,"functions":[{"function":"minecraft:set_count","count":1}]},{"type":"minecraft:item","name":"minecraft:zombified_piglin_spawn_egg","weight":1,"functions":[{"function":"minecraft:set_count","count":1}]}]},{"rolls":1,"bonus_rolls":{"min":0,"max":1},"entries":[{"type":"minecraft:item","name":"minecraft:black_dye","weight":1,"functions":[{"function":"minecraft:set_count","count":{"min":2,"max":5}}]},{"type":"minecraft:item","name":"minecraft:red_dye","weight":1,"functions":[{"function":"minecraft:set_count","count":{"min":2,"max":5}}]},{"type":"minecraft:item","name":"minecraft:green_dye","weight":1,"functions":[{"function":"minecraft:set_count","count":{"min":2,"max":5}}]},{"type":"minecraft:item","name":"minecraft:brown_dye","weight":1,"functions":[{"function":"minecraft:set_count","count":{"min":2,"max":5}}]},{"type":"minecraft:item","name":"minecraft:blue_dye","weight":1,"functions":[{"function":"minecraft:set_count","count":{"min":2,"max":5}}]},{"type":"minecraft:item","name":"minecraft:purple_dye","weight":1,"functions":[{"function":"minecraft:set_count","count":{"min":2,"max":5}}]},{"type":"minecraft:item","name":"minecraft:cyan_dye","weight":1,"functions":[{"function":"minecraft:set_count","count":{"min":2,"max":5}}]},{"type":"minecraft:item","name":"minecraft:light_gray_dye","weight":1,"functions":[{"function":"minecraft:set_count","count":{"min":2,"max":5}}]},{"type":"minecraft:item","name":"minecraft:gray_dye","weight":1,"functions":[{"function":"minecraft:set_count","count":{"min":2,"max":5}}]},{"type":"minecraft:item","name":"minecraft:pink_dye","weight":1,"functions":[{"function":"minecraft:set_count","count":{"min":2,"max":5}}]},{"type":"minecraft:item","name":"minecraft:lime_dye","weight":1,"functions":[{"function":"minecraft:set_count","count":{"min":2,"max":5}}]},{"type":"minecraft:item","name":"minecraft:yellow_dye","weight":1,"functions":[{"function":"minecraft:set_count","count":{"min":2,"max":5}}]},{"type":"minecraft:item","name":"minecraft:light_blue_dye","weight":1,"functions":[{"function":"minecraft:set_count","count":{"min":2,"max":5}}]},{"type":"minecraft:item","name":"minecraft:magenta_dye","weight":1,"functions":[{"function":"minecraft:set_count","count":{"min":2,"max":5}}]},{"type":"minecraft:item","name":"minecraft:orange_dye","weight":1,"functions":[{"function":"minecraft:set_count","count":{"min":2,"max":5}}]},{"type":"minecraft:item","name":"minecraft:white_dye","weight":1,"functions":[{"function":"minecraft:set_count","count":{"min":2,"max":5}}]}]},{"rolls":1,"bonus_rolls":{"min":0,"max":1},"entries":[{"type":"minecraft:item","name":"minecraft:dandelion","weight":3,"functions":[{"function":"minecraft:set_count","count":{"min":2,"max":5}}]},{"type":"minecraft:item","name":"minecraft:poppy","weight":3,"functions":[{"function":"minecraft:set_count","count":{"min":2,"max":5}}]},{"type":"minecraft:item","name":"minecraft:red_tulip","weight":2,"functions":[{"function":"minecraft:set_count","count":{"min":2,"max":5}}]},{"type":"minecraft:item","name":"minecraft:orange_tulip","weight":2,"functions":[{"function":"minecraft:set_count","count":{"min":2,"max":5}}]},{"type":"minecraft:item","name":"minecraft:white_tulip","weight":2,"functions":[{"function":"minecraft:set_count","count":{"min":2,"max":5}}]},{"type":"minecraft:item","name":"minecraft:pink_tulip","weight":2,"functions":[{"function":"minecraft:set_count","count":{"min":2,"max":5}}]},{"type":"minecraft:item","name":"minecraft:blue_orchid","weight":1,"functions":[{"function":"minecraft:set_count","count":{"min":2,"max":5}}]},{"type":"minecraft:item","name":"minecraft:allium","weight":1,"functions":[{"function":"minecraft:set_count","count":{"min":2,"max":5}}]},{"type":"minecraft:item","name":"minecraft:azure_bluet","weight":1,"functions":[{"function":"minecraft:set_count","count":{"min":2,"max":5}}]},{"type":"minecraft:item","name":"minecraft:oxeye_daisy","weight":1,"functions":[{"function":"minecraft:set_count","count":{"min":2,"max":5}}]},{"type":"minecraft:item","name":"minecraft:wither_rose","weight":1,"functions":[{"function":"minecraft:set_count","count":1}]},{"type":"minecraft:item","name":"minecraft:lily_of_the_valley","weight":1,"functions":[{"function":"minecraft:set_count","count":1}]},{"type":"minecraft:item","name":"minecraft:cornflower","weight":1,"functions":[{"function":"minecraft:set_count","count":{"min":2,"max":5}}]},{"type":"minecraft:item","name":"minecraft:sunflower","weight":1,"functions":[{"function":"minecraft:set_count","count":{"min":2,"max":5}}]},{"type":"minecraft:item","name":"minecraft:lilac","weight":1,"functions":[{"function":"minecraft:set_count","count":{"min":2,"max":5}}]},{"type":"minecraft:item","name":"minecraft:rose_bush","weight":1,"functions":[{"function":"minecraft:set_count","count":{"min":2,"max":5}}]},{"type":"minecraft:item","name":"minecraft:peony","weight":1,"functions":[{"function":"minecraft:set_count","count":{"min":2,"max":5}}]},{"type":"minecraft:item","name":"minecraft:short_grass","weight":1,"functions":[{"function":"minecraft:set_count","count":{"min":2,"max":5}}]},{"type":"minecraft:item","name":"minecraft:tall_grass","weight":1,"functions":[{"function":"minecraft:set_count","count":{"min":2,"max":5}}]},{"type":"minecraft:item","name":"minecraft:spore_blossom","weight":1,"functions":[{"function":"minecraft:set_count","count":{"min":2,"max":5}}]},{"type":"minecraft:item","name":"minecraft:pink_petals","weight":1,"functions":[{"function":"minecraft:set_count","count":{"min":2,"max":5}}]},{"type":"minecraft:item","name":"minecraft:kelp","weight":1,"functions":[{"function":"minecraft:set_count","count":{"min":2,"max":5}}]},{"type":"minecraft:item","name":"minecraft:vine","weight":1,"functions":[{"function":"minecraft:set_count","count":{"min":2,"max":5}}]},{"type":"minecraft:item","name":"minecraft:weeping_vines","weight":1,"functions":[{"function":"minecraft:set_count","count":{"min":2,"max":5}}]},{"type":"minecraft:item","name":"minecraft:twisting_vines","weight":1,"functions":[{"function":"minecraft:set_count","count":{"min":2,"max":5}}]},{"type":"minecraft:item","name":"minecraft:brown_mushroom","weight":1,"functions":[{"function":"minecraft:set_count","count":{"min":1,"max":3}}]},{"type":"minecraft:item","name":"minecraft:red_mushroom","weight":1,"functions":[{"function":"minecraft:set_count","count":{"min":1,"max":3}}]},{"type":"minecraft:item","name":"minecraft:crimson_fungus","weight":1,"functions":[{"function":"minecraft:set_count","count":{"min":1,"max":3}}]},{"type":"minecraft:item","name":"minecraft:warped_fungus","weight":1,"functions":[{"function":"minecraft:set_count","count":{"min":1,"max":3}}]},{"type":"minecraft:item","name":"minecraft:pitcher_plant","weight":1,"functions":[{"function":"minecraft:set_count","count":{"min":1,"max":2}}]},{"type":"minecraft:item","name":"minecraft:glow_lichen","weight":1,"functions":[{"function":"minecraft:set_count","count":{"min":1,"max":2}}]},{"type":"minecraft:item","name":"minecraft:sculk_vein","weight":1,"functions":[{"function":"minecraft:set_count","count":{"min":1,"max":2}}]},{"type":"minecraft:item","name":"minecraft:small_dripleaf","weight":1,"functions":[{"function":"minecraft:set_count","count":{"min":2,"max":4}}]},{"type":"minecraft:item","name":"minecraft:big_dripleaf","weight":1,"functions":[{"function":"minecraft:set_count","count":{"min":1,"max":2}}]},{"type":"minecraft:item","name":"minecraft:torchflower","weight":1,"functions":[{"function":"minecraft:set_count","count":{"min":1,"max":2}}]}]},{"rolls":1,"bonus_rolls":{"min":0,"max":1},"entries":[{"type":"minecraft:item","name":"minecraft:oak_sapling","weight":2,"functions":[{"function":"minecraft:set_count","count":{"min":1,"max":2}}]},{"type":"minecraft:item","name":"minecraft:spruce_sapling","weight":2,"functions":[{"function":"minecraft:set_count","count":{"min":1,"max":2}}]},{"type":"minecraft:item","name":"minecraft:birch_sapling","weight":2,"functions":[{"function":"minecraft:set_count","count":{"min":1,"max":2}}]},{"type":"minecraft:item","name":"minecraft:jungle_sapling","weight":1,"functions":[{"function":"minecraft:set_count","count":{"min":1,"max":2}}]},{"type":"minecraft:item","name":"minecraft:acacia_sapling","weight":1,"functions":[{"function":"minecraft:set_count","count":{"min":1,"max":2}}]},{"type":"minecraft:item","name":"minecraft:cherry_sapling","weight":1,"functions":[{"function":"minecraft:set_count","count":{"min":1,"max":2}}]},{"type":"minecraft:item","name":"minecraft:dark_oak_sapling","weight":1,"functions":[{"function":"minecraft:set_count","count":{"min":1,"max":2}}]},{"type":"minecraft:item","name":"minecraft:mangrove_propagule","weight":1,"functions":[{"function":"minecraft:set_count","count":{"min":1,"max":2}}]},{"type":"minecraft:item","name":"minecraft:apple","weight":3,"functions":[{"function":"minecraft:set_count","count":{"min":2,"max":3}}]},{"type":"minecraft:item","name":"minecraft:glow_berries","weight":3,"functions":[{"function":"minecraft:set_count","count":{"min":1,"max":2}}]},{"type":"minecraft:item","name":"minecraft:beetroot","weight":3,"functions":[{"function":"minecraft:set_count","count":{"min":2,"max":3}}]},{"type":"minecraft:item","name":"minecraft:wheat_seeds","weight":3,"functions":[{"function":"minecraft:set_count","count":{"min":3,"max":6}}]},{"type":"minecraft:item","name":"minecraft:pumpkin_seeds","weight":2,"functions":[{"function":"minecraft:set_count","count":{"min":1,"max":2}}]},{"type":"minecraft:item","name":"minecraft:melon_seeds","weight":2,"functions":[{"function":"minecraft:set_count","count":{"min":1,"max":2}}]},{"type":"minecraft:item","name":"minecraft:sugar_cane","weight":2,"functions":[{"function":"minecraft:set_count","count":{"min":1,"max":2}}]},{"type":"minecraft:item","name":"minecraft:bamboo","weight":2,"functions":[{"function":"minecraft:set_count","count":{"min":1,"max":2}}]},{"type":"minecraft:item","name":"minecraft:sweet_berries","weight":1,"functions":[{"function":"minecraft:set_count","count":{"min":1,"max":2}}]},{"type":"minecraft:item","name":"minecraft:beetroot_seeds","weight":1,"functions":[{"function":"minecraft:set_count","count":{"min":1,"max":2}}]},{"type":"minecraft:item","name":"minecraft:potato","weight":1,"functions":[{"function":"minecraft:set_count","count":{"min":1,"max":2}}]},{"type":"minecraft:item","name":"minecraft:cocoa_beans","weight":1,"functions":[{"function":"minecraft:set_count","count":{"min":1,"max":2}}]},{"type":"minecraft:item","name":"minecraft:carrot","weight":1,"functions":[{"function":"minecraft:set_count","count":{"min":1,"max":2}}]},{"type":"minecraft:item","name":"minecraft:pitcher_pod","weight":1,"functions":[{"function":"minecraft:set_count","count":{"min":1,"max":2}}]},{"type":"minecraft:item","name":"minecraft:torchflower_seeds","weight":1,"functions":[{"function":"minecraft:set_count","count":{"min":1,"max":2}}]}]}]}